Location,CowTagID,Sand,HardSubstrate,sum_total,sum_total_dead,sum_total_alive,sal_sd,temp_sd,TA_sd,pH_sd,phos_sd,NN_sd,silicate_sd,ammonia_sd,AVGenv_params,avg_value
Cabral,C1,2.336448598,97.6635514,29,14,15,0.22348963968743388,0.9946140672930099,35.79380327880627,0.07466597387158648,0.036033206138284736,0.8395357852323302,1.4553564695425518,0.2605854933827642,sal_avg,36.24142857142857
Cabral,C1,2.336448598,97.6635514,29,14,15,0.22348963968743388,0.9946140672930099,35.79380327880627,0.07466597387158648,0.036033206138284736,0.8395357852323302,1.4553564695425518,0.2605854933827642,temp_avg,27.937142857142856
Cabral,C1,2.336448598,97.6635514,29,14,15,0.22348963968743388,0.9946140672930099,35.79380327880627,0.07466597387158648,0.036033206138284736,0.8395357852323302,1.4553564695425518,0.2605854933827642,TA_avg,2310.261145285714
Cabral,C1,2.336448598,97.6635514,29,14,15,0.22348963968743388,0.9946140672930099,35.79380327880627,0.07466597387158648,0.036033206138284736,0.8395357852323302,1.4553564695425518,0.2605854933827642,pH_avg,7.976237192312704
Cabral,C1,2.336448598,97.6635514,29,14,15,0.22348963968743388,0.9946140672930099,35.79380327880627,0.07466597387158648,0.036033206138284736,0.8395357852323302,1.4553564695425518,0.2605854933827642,phos_avg,0.17115724185714284
Cabral,C1,2.336448598,97.6635514,29,14,15,0.22348963968743388,0.9946140672930099,35.79380327880627,0.07466597387158648,0.036033206138284736,0.8395357852323302,1.4553564695425518,0.2605854933827642,NN_avg,0.6760733831428571
Cabral,C1,2.336448598,97.6635514,29,14,15,0.22348963968743388,0.9946140672930099,35.79380327880627,0.07466597387158648,0.036033206138284736,0.8395357852323302,1.4553564695425518,0.2605854933827642,silicate_avg,4.674597909714286
Cabral,C1,2.336448598,97.6635514,29,14,15,0.22348963968743388,0.9946140672930099,35.79380327880627,0.07466597387158648,0.036033206138284736,0.8395357852323302,1.4553564695425518,0.2605854933827642,ammonia_avg,0.3052414822857143
Cabral,C10,92.27272727,7.727272728,11,8,3,0.15473479616058314,1.0306369389848193,31.329967122818854,0.0711044242658693,0.034243931136736176,0.06874487266817599,1.3024493521044238,0.24531750602085525,sal_avg,36.3
Cabral,C10,92.27272727,7.727272728,11,8,3,0.15473479616058314,1.0306369389848193,31.329967122818854,0.0711044242658693,0.034243931136736176,0.06874487266817599,1.3024493521044238,0.24531750602085525,temp_avg,28.49125
Cabral,C10,92.27272727,7.727272728,11,8,3,0.15473479616058314,1.0306369389848193,31.329967122818854,0.0711044242658693,0.034243931136736176,0.06874487266817599,1.3024493521044238,0.24531750602085525,TA_avg,2293.940940375
Cabral,C10,92.27272727,7.727272728,11,8,3,0.15473479616058314,1.0306369389848193,31.329967122818854,0.0711044242658693,0.034243931136736176,0.06874487266817599,1.3024493521044238,0.24531750602085525,pH_avg,7.970281823615192
Cabral,C10,92.27272727,7.727272728,11,8,3,0.15473479616058314,1.0306369389848193,31.329967122818854,0.0711044242658693,0.034243931136736176,0.06874487266817599,1.3024493521044238,0.24531750602085525,phos_avg,0.1867025695
Cabral,C10,92.27272727,7.727272728,11,8,3,0.15473479616058314,1.0306369389848193,31.329967122818854,0.0711044242658693,0.034243931136736176,0.06874487266817599,1.3024493521044238,0.24531750602085525,NN_avg,0.409068535625
Cabral,C10,92.27272727,7.727272728,11,8,3,0.15473479616058314,1.0306369389848193,31.329967122818854,0.0711044242658693,0.034243931136736176,0.06874487266817599,1.3024493521044238,0.24531750602085525,silicate_avg,4.668473158
Cabral,C10,92.27272727,7.727272728,11,8,3,0.15473479616058314,1.0306369389848193,31.329967122818854,0.0711044242658693,0.034243931136736176,0.06874487266817599,1.3024493521044238,0.24531750602085525,ammonia_avg,0.402691886125
Cabral,C11,5.11627907,94.883720932,2,1,1,0.16269493801941998,0.9413506633707606,28.88411936225931,0.0715196049376628,0.02579927657845955,0.24001999468384025,0.9269425851331892,0.30965884450411835,sal_avg,36.38125
Cabral,C11,5.11627907,94.883720932,2,1,1,0.16269493801941998,0.9413506633707606,28.88411936225931,0.0715196049376628,0.02579927657845955,0.24001999468384025,0.9269425851331892,0.30965884450411835,temp_avg,28.68625
Cabral,C11,5.11627907,94.883720932,2,1,1,0.16269493801941998,0.9413506633707606,28.88411936225931,0.0715196049376628,0.02579927657845955,0.24001999468384025,0.9269425851331892,0.30965884450411835,TA_avg,2311.39497425
Cabral,C11,5.11627907,94.883720932,2,1,1,0.16269493801941998,0.9413506633707606,28.88411936225931,0.0715196049376628,0.02579927657845955,0.24001999468384025,0.9269425851331892,0.30965884450411835,pH_avg,7.978600091176749
Cabral,C11,5.11627907,94.883720932,2,1,1,0.16269493801941998,0.9413506633707606,28.88411936225931,0.0715196049376628,0.02579927657845955,0.24001999468384025,0.9269425851331892,0.30965884450411835,phos_avg,0.210121639
Cabral,C11,5.11627907,94.883720932,2,1,1,0.16269493801941998,0.9413506633707606,28.88411936225931,0.0715196049376628,0.02579927657845955,0.24001999468384025,0.9269425851331892,0.30965884450411835,NN_avg,0.72594002675
Cabral,C11,5.11627907,94.883720932,2,1,1,0.16269493801941998,0.9413506633707606,28.88411936225931,0.0715196049376628,0.02579927657845955,0.24001999468384025,0.9269425851331892,0.30965884450411835,silicate_avg,2.9282758918750003
Cabral,C11,5.11627907,94.883720932,2,1,1,0.16269493801941998,0.9413506633707606,28.88411936225931,0.0715196049376628,0.02579927657845955,0.24001999468384025,0.9269425851331892,0.30965884450411835,ammonia_avg,0.3141750085
Cabral,C12,0.45045045,99.54954953999999,86,48,38,NA,NA,NA,NA,0.03738860639943917,0.4991936475448607,1.183654939829662,0.2726100936665168,sal_avg,NA
Cabral,C12,0.45045045,99.54954953999999,86,48,38,NA,NA,NA,NA,0.03738860639943917,0.4991936475448607,1.183654939829662,0.2726100936665168,temp_avg,NA
Cabral,C12,0.45045045,99.54954953999999,86,48,38,NA,NA,NA,NA,0.03738860639943917,0.4991936475448607,1.183654939829662,0.2726100936665168,TA_avg,NA
Cabral,C12,0.45045045,99.54954953999999,86,48,38,NA,NA,NA,NA,0.03738860639943917,0.4991936475448607,1.183654939829662,0.2726100936665168,pH_avg,NA
Cabral,C12,0.45045045,99.54954953999999,86,48,38,NA,NA,NA,NA,0.03738860639943917,0.4991936475448607,1.183654939829662,0.2726100936665168,phos_avg,0.21434354225
Cabral,C12,0.45045045,99.54954953999999,86,48,38,NA,NA,NA,NA,0.03738860639943917,0.4991936475448607,1.183654939829662,0.2726100936665168,NN_avg,0.89141471875
Cabral,C12,0.45045045,99.54954953999999,86,48,38,NA,NA,NA,NA,0.03738860639943917,0.4991936475448607,1.183654939829662,0.2726100936665168,silicate_avg,2.56840254375
Cabral,C12,0.45045045,99.54954953999999,86,48,38,NA,NA,NA,NA,0.03738860639943917,0.4991936475448607,1.183654939829662,0.2726100936665168,ammonia_avg,0.29709120237500003
Cabral,C13,3.196347032,96.803652968,16,13,3,0.39218936752543504,1.464357489530086,42.91378796086517,0.1048812553584589,0.04189866954620228,0.2126535244235386,1.0842347852186556,0.3416634534976426,sal_avg,36.21125
Cabral,C13,3.196347032,96.803652968,16,13,3,0.39218936752543504,1.464357489530086,42.91378796086517,0.1048812553584589,0.04189866954620228,0.2126535244235386,1.0842347852186556,0.3416634534976426,temp_avg,28.575
Cabral,C13,3.196347032,96.803652968,16,13,3,0.39218936752543504,1.464357489530086,42.91378796086517,0.1048812553584589,0.04189866954620228,0.2126535244235386,1.0842347852186556,0.3416634534976426,TA_avg,2287.8301595
Cabral,C13,3.196347032,96.803652968,16,13,3,0.39218936752543504,1.464357489530086,42.91378796086517,0.1048812553584589,0.04189866954620228,0.2126535244235386,1.0842347852186556,0.3416634534976426,pH_avg,7.923143253711363
Cabral,C13,3.196347032,96.803652968,16,13,3,0.39218936752543504,1.464357489530086,42.91378796086517,0.1048812553584589,0.04189866954620228,0.2126535244235386,1.0842347852186556,0.3416634534976426,phos_avg,0.21152857225
Cabral,C13,3.196347032,96.803652968,16,13,3,0.39218936752543504,1.464357489530086,42.91378796086517,0.1048812553584589,0.04189866954620228,0.2126535244235386,1.0842347852186556,0.3416634534976426,NN_avg,0.740531363625
Cabral,C13,3.196347032,96.803652968,16,13,3,0.39218936752543504,1.464357489530086,42.91378796086517,0.1048812553584589,0.04189866954620228,0.2126535244235386,1.0842347852186556,0.3416634534976426,silicate_avg,4.93352995175
Cabral,C13,3.196347032,96.803652968,16,13,3,0.39218936752543504,1.464357489530086,42.91378796086517,0.1048812553584589,0.04189866954620228,0.2126535244235386,1.0842347852186556,0.3416634534976426,ammonia_avg,0.354191347
Cabral,C15,0.456621005,99.543379001,14,7,7,0.20559669258040134,1.501461510218183,18.014719724444575,0.08041841974603922,0.020205855169600963,0.23410005098441244,0.4575290347615908,0.22436366259872262,sal_avg,36.495
Cabral,C15,0.456621005,99.543379001,14,7,7,0.20559669258040134,1.501461510218183,18.014719724444575,0.08041841974603922,0.020205855169600963,0.23410005098441244,0.4575290347615908,0.22436366259872262,temp_avg,28.996666666666666
Cabral,C15,0.456621005,99.543379001,14,7,7,0.20559669258040134,1.501461510218183,18.014719724444575,0.08041841974603922,0.020205855169600963,0.23410005098441244,0.4575290347615908,0.22436366259872262,TA_avg,2316.979361
Cabral,C15,0.456621005,99.543379001,14,7,7,0.20559669258040134,1.501461510218183,18.014719724444575,0.08041841974603922,0.020205855169600963,0.23410005098441244,0.4575290347615908,0.22436366259872262,pH_avg,7.978755031249733
Cabral,C15,0.456621005,99.543379001,14,7,7,0.20559669258040134,1.501461510218183,18.014719724444575,0.08041841974603922,0.020205855169600963,0.23410005098441244,0.4575290347615908,0.22436366259872262,phos_avg,0.21303471833333334
Cabral,C15,0.456621005,99.543379001,14,7,7,0.20559669258040134,1.501461510218183,18.014719724444575,0.08041841974603922,0.020205855169600963,0.23410005098441244,0.4575290347615908,0.22436366259872262,NN_avg,0.7989350070000001
Cabral,C15,0.456621005,99.543379001,14,7,7,0.20559669258040134,1.501461510218183,18.014719724444575,0.08041841974603922,0.020205855169600963,0.23410005098441244,0.4575290347615908,0.22436366259872262,silicate_avg,1.7562005125
Cabral,C15,0.456621005,99.543379001,14,7,7,0.20559669258040134,1.501461510218183,18.014719724444575,0.08041841974603922,0.020205855169600963,0.23410005098441244,0.4575290347615908,0.22436366259872262,ammonia_avg,0.33902811416666667
Cabral,C16,29.51289398,70.48710602,10,3,7,0.3270621391374166,0.8649153550657839,24.426634331803662,0.08653509053272819,0.01730432162659531,0.1572092144203993,2.2210949713025876,0.35743721903918224,sal_avg,36.34625
Cabral,C16,29.51289398,70.48710602,10,3,7,0.3270621391374166,0.8649153550657839,24.426634331803662,0.08653509053272819,0.01730432162659531,0.1572092144203993,2.2210949713025876,0.35743721903918224,temp_avg,28.0675
Cabral,C16,29.51289398,70.48710602,10,3,7,0.3270621391374166,0.8649153550657839,24.426634331803662,0.08653509053272819,0.01730432162659531,0.1572092144203993,2.2210949713025876,0.35743721903918224,TA_avg,2311.553447125
Cabral,C16,29.51289398,70.48710602,10,3,7,0.3270621391374166,0.8649153550657839,24.426634331803662,0.08653509053272819,0.01730432162659531,0.1572092144203993,2.2210949713025876,0.35743721903918224,pH_avg,7.972638598124192
Cabral,C16,29.51289398,70.48710602,10,3,7,0.3270621391374166,0.8649153550657839,24.426634331803662,0.08653509053272819,0.01730432162659531,0.1572092144203993,2.2210949713025876,0.35743721903918224,phos_avg,0.195550022875
Cabral,C16,29.51289398,70.48710602,10,3,7,0.3270621391374166,0.8649153550657839,24.426634331803662,0.08653509053272819,0.01730432162659531,0.1572092144203993,2.2210949713025876,0.35743721903918224,NN_avg,0.5140826595
Cabral,C16,29.51289398,70.48710602,10,3,7,0.3270621391374166,0.8649153550657839,24.426634331803662,0.08653509053272819,0.01730432162659531,0.1572092144203993,2.2210949713025876,0.35743721903918224,silicate_avg,3.276665479
Cabral,C16,29.51289398,70.48710602,10,3,7,0.3270621391374166,0.8649153550657839,24.426634331803662,0.08653509053272819,0.01730432162659531,0.1572092144203993,2.2210949713025876,0.35743721903918224,ammonia_avg,0.368500820125
Cabral,C17,39.02439024,60.975609752000004,42,29,13,0.2204540768504861,0.9064835905850694,31.693101752961994,0.07147204720003665,0.04375435021411219,0.12484578885648259,1.9704898105001112,0.3912255573340882,sal_avg,36.31
Cabral,C17,39.02439024,60.975609752000004,42,29,13,0.2204540768504861,0.9064835905850694,31.693101752961994,0.07147204720003665,0.04375435021411219,0.12484578885648259,1.9704898105001112,0.3912255573340882,temp_avg,28.00625
Cabral,C17,39.02439024,60.975609752000004,42,29,13,0.2204540768504861,0.9064835905850694,31.693101752961994,0.07147204720003665,0.04375435021411219,0.12484578885648259,1.9704898105001112,0.3912255573340882,TA_avg,2297.57212775
Cabral,C17,39.02439024,60.975609752000004,42,29,13,0.2204540768504861,0.9064835905850694,31.693101752961994,0.07147204720003665,0.04375435021411219,0.12484578885648259,1.9704898105001112,0.3912255573340882,pH_avg,7.979222678178332
Cabral,C17,39.02439024,60.975609752000004,42,29,13,0.2204540768504861,0.9064835905850694,31.693101752961994,0.07147204720003665,0.04375435021411219,0.12484578885648259,1.9704898105001112,0.3912255573340882,phos_avg,0.18798354675
Cabral,C17,39.02439024,60.975609752000004,42,29,13,0.2204540768504861,0.9064835905850694,31.693101752961994,0.07147204720003665,0.04375435021411219,0.12484578885648259,1.9704898105001112,0.3912255573340882,NN_avg,0.365901716125
Cabral,C17,39.02439024,60.975609752000004,42,29,13,0.2204540768504861,0.9064835905850694,31.693101752961994,0.07147204720003665,0.04375435021411219,0.12484578885648259,1.9704898105001112,0.3912255573340882,silicate_avg,4.77321899025
Cabral,C17,39.02439024,60.975609752000004,42,29,13,0.2204540768504861,0.9064835905850694,31.693101752961994,0.07147204720003665,0.04375435021411219,0.12484578885648259,1.9704898105001112,0.3912255573340882,ammonia_avg,0.38870135475
Cabral,C18,0,99.999999995,2,1,1,0.21091636798910193,0.6675702210254737,18.578772372096882,0.04612403741538937,0.0265389619200629,0.2166619145918404,1.0869067012887488,0.3412170629524716,sal_avg,36.41
Cabral,C18,0,99.999999995,2,1,1,0.21091636798910193,0.6675702210254737,18.578772372096882,0.04612403741538937,0.0265389619200629,0.2166619145918404,1.0869067012887488,0.3412170629524716,temp_avg,27.9725
Cabral,C18,0,99.999999995,2,1,1,0.21091636798910193,0.6675702210254737,18.578772372096882,0.04612403741538937,0.0265389619200629,0.2166619145918404,1.0869067012887488,0.3412170629524716,TA_avg,2325.875399
Cabral,C18,0,99.999999995,2,1,1,0.21091636798910193,0.6675702210254737,18.578772372096882,0.04612403741538937,0.0265389619200629,0.2166619145918404,1.0869067012887488,0.3412170629524716,pH_avg,8.00336843784549
Cabral,C18,0,99.999999995,2,1,1,0.21091636798910193,0.6675702210254737,18.578772372096882,0.04612403741538937,0.0265389619200629,0.2166619145918404,1.0869067012887488,0.3412170629524716,phos_avg,0.2122005185
Cabral,C18,0,99.999999995,2,1,1,0.21091636798910193,0.6675702210254737,18.578772372096882,0.04612403741538937,0.0265389619200629,0.2166619145918404,1.0869067012887488,0.3412170629524716,NN_avg,0.69269217175
Cabral,C18,0,99.999999995,2,1,1,0.21091636798910193,0.6675702210254737,18.578772372096882,0.04612403741538937,0.0265389619200629,0.2166619145918404,1.0869067012887488,0.3412170629524716,silicate_avg,2.116053597625
Cabral,C18,0,99.999999995,2,1,1,0.21091636798910193,0.6675702210254737,18.578772372096882,0.04612403741538937,0.0265389619200629,0.2166619145918404,1.0869067012887488,0.3412170629524716,ammonia_avg,0.31227981825
Cabral,C19,2.283105023,97.71689497999999,0,0,0,0.17979651196362487,0.5587214358310795,24.600973219274326,0.05471178870817711,0.02844887692581686,0.17277534724890226,1.0672299441033217,0.22453228789354626,sal_avg,36.41875
Cabral,C19,2.283105023,97.71689497999999,0,0,0,0.17979651196362487,0.5587214358310795,24.600973219274326,0.05471178870817711,0.02844887692581686,0.17277534724890226,1.0672299441033217,0.22453228789354626,temp_avg,26.97625
Cabral,C19,2.283105023,97.71689497999999,0,0,0,0.17979651196362487,0.5587214358310795,24.600973219274326,0.05471178870817711,0.02844887692581686,0.17277534724890226,1.0672299441033217,0.22453228789354626,TA_avg,2334.070409
Cabral,C19,2.283105023,97.71689497999999,0,0,0,0.17979651196362487,0.5587214358310795,24.600973219274326,0.05471178870817711,0.02844887692581686,0.17277534724890226,1.0672299441033217,0.22453228789354626,pH_avg,8.020949610368232
Cabral,C19,2.283105023,97.71689497999999,0,0,0,0.17979651196362487,0.5587214358310795,24.600973219274326,0.05471178870817711,0.02844887692581686,0.17277534724890226,1.0672299441033217,0.22453228789354626,phos_avg,0.2226198585
Cabral,C19,2.283105023,97.71689497999999,0,0,0,0.17979651196362487,0.5587214358310795,24.600973219274326,0.05471178870817711,0.02844887692581686,0.17277534724890226,1.0672299441033217,0.22453228789354626,NN_avg,0.70260186775
Cabral,C19,2.283105023,97.71689497999999,0,0,0,0.17979651196362487,0.5587214358310795,24.600973219274326,0.05471178870817711,0.02844887692581686,0.17277534724890226,1.0672299441033217,0.22453228789354626,silicate_avg,2.25540230625
Cabral,C19,2.283105023,97.71689497999999,0,0,0,0.17979651196362487,0.5587214358310795,24.600973219274326,0.05471178870817711,0.02844887692581686,0.17277534724890226,1.0672299441033217,0.22453228789354626,ammonia_avg,0.31660189975
Cabral,C2,11.26126126,88.738738742,15,11,4,0.2581769880195703,1.3379828901319015,39.65654396344184,0.09733383207353806,NA,NA,NA,NA,sal_avg,36.33625
Cabral,C2,11.26126126,88.738738742,15,11,4,0.2581769880195703,1.3379828901319015,39.65654396344184,0.09733383207353806,NA,NA,NA,NA,temp_avg,28.40375
Cabral,C2,11.26126126,88.738738742,15,11,4,0.2581769880195703,1.3379828901319015,39.65654396344184,0.09733383207353806,NA,NA,NA,NA,TA_avg,2303.6117141249997
Cabral,C2,11.26126126,88.738738742,15,11,4,0.2581769880195703,1.3379828901319015,39.65654396344184,0.09733383207353806,NA,NA,NA,NA,pH_avg,7.961391768198906
Cabral,C2,11.26126126,88.738738742,15,11,4,0.2581769880195703,1.3379828901319015,39.65654396344184,0.09733383207353806,NA,NA,NA,NA,phos_avg,NA
Cabral,C2,11.26126126,88.738738742,15,11,4,0.2581769880195703,1.3379828901319015,39.65654396344184,0.09733383207353806,NA,NA,NA,NA,NN_avg,NA
Cabral,C2,11.26126126,88.738738742,15,11,4,0.2581769880195703,1.3379828901319015,39.65654396344184,0.09733383207353806,NA,NA,NA,NA,silicate_avg,NA
Cabral,C2,11.26126126,88.738738742,15,11,4,0.2581769880195703,1.3379828901319015,39.65654396344184,0.09733383207353806,NA,NA,NA,NA,ammonia_avg,NA
Cabral,C20,78.08219178,21.917808216,146,68,78,0.2080822296250061,0.957630073223923,41.107181497503625,0.07135714541885957,0.03172173519426979,0.14018230908246201,1.4017717771380873,0.252189437571062,sal_avg,36.31125
Cabral,C20,78.08219178,21.917808216,146,68,78,0.2080822296250061,0.957630073223923,41.107181497503625,0.07135714541885957,0.03172173519426979,0.14018230908246201,1.4017717771380873,0.252189437571062,temp_avg,27.99375
Cabral,C20,78.08219178,21.917808216,146,68,78,0.2080822296250061,0.957630073223923,41.107181497503625,0.07135714541885957,0.03172173519426979,0.14018230908246201,1.4017717771380873,0.252189437571062,TA_avg,2301.034527125
Cabral,C20,78.08219178,21.917808216,146,68,78,0.2080822296250061,0.957630073223923,41.107181497503625,0.07135714541885957,0.03172173519426979,0.14018230908246201,1.4017717771380873,0.252189437571062,pH_avg,7.971918476110513
Cabral,C20,78.08219178,21.917808216,146,68,78,0.2080822296250061,0.957630073223923,41.107181497503625,0.07135714541885957,0.03172173519426979,0.14018230908246201,1.4017717771380873,0.252189437571062,phos_avg,0.176064342125
Cabral,C20,78.08219178,21.917808216,146,68,78,0.2080822296250061,0.957630073223923,41.107181497503625,0.07135714541885957,0.03172173519426979,0.14018230908246201,1.4017717771380873,0.252189437571062,NN_avg,0.3632070725
Cabral,C20,78.08219178,21.917808216,146,68,78,0.2080822296250061,0.957630073223923,41.107181497503625,0.07135714541885957,0.03172173519426979,0.14018230908246201,1.4017717771380873,0.252189437571062,silicate_avg,4.4356332599999995
Cabral,C20,78.08219178,21.917808216,146,68,78,0.2080822296250061,0.957630073223923,41.107181497503625,0.07135714541885957,0.03172173519426979,0.14018230908246201,1.4017717771380873,0.252189437571062,ammonia_avg,0.310693362875
Cabral,C3,0.909090909,99.09090909,1,0,1,0.24551694733474397,0.390850720498614,14.781682701039939,0.07524989944157336,0.02908622145941968,0.2586530569875624,1.3646555089122867,0.2532855969227436,sal_avg,36.3825
Cabral,C3,0.909090909,99.09090909,1,0,1,0.24551694733474397,0.390850720498614,14.781682701039939,0.07524989944157336,0.02908622145941968,0.2586530569875624,1.3646555089122867,0.2532855969227436,temp_avg,27.4575
Cabral,C3,0.909090909,99.09090909,1,0,1,0.24551694733474397,0.390850720498614,14.781682701039939,0.07524989944157336,0.02908622145941968,0.2586530569875624,1.3646555089122867,0.2532855969227436,TA_avg,2326.42469575
Cabral,C3,0.909090909,99.09090909,1,0,1,0.24551694733474397,0.390850720498614,14.781682701039939,0.07524989944157336,0.02908622145941968,0.2586530569875624,1.3646555089122867,0.2532855969227436,pH_avg,7.983082504520131
Cabral,C3,0.909090909,99.09090909,1,0,1,0.24551694733474397,0.390850720498614,14.781682701039939,0.07524989944157336,0.02908622145941968,0.2586530569875624,1.3646555089122867,0.2532855969227436,phos_avg,0.213083134
Cabral,C3,0.909090909,99.09090909,1,0,1,0.24551694733474397,0.390850720498614,14.781682701039939,0.07524989944157336,0.02908622145941968,0.2586530569875624,1.3646555089122867,0.2532855969227436,NN_avg,0.8205866755
Cabral,C3,0.909090909,99.09090909,1,0,1,0.24551694733474397,0.390850720498614,14.781682701039939,0.07524989944157336,0.02908622145941968,0.2586530569875624,1.3646555089122867,0.2532855969227436,silicate_avg,2.3933351665
Cabral,C3,0.909090909,99.09090909,1,0,1,0.24551694733474397,0.390850720498614,14.781682701039939,0.07524989944157336,0.02908622145941968,0.2586530569875624,1.3646555089122867,0.2532855969227436,ammonia_avg,0.3234407385
Cabral,C4,38.91402715,61.085972850000005,2,0,2,0.21226667863125115,0.8979888243020786,20.622239976100342,0.0774728032988182,0.042246584760671946,0.15338995348146642,1.8110645053862984,0.286822957517342,sal_avg,36.275
Cabral,C4,38.91402715,61.085972850000005,2,0,2,0.21226667863125115,0.8979888243020786,20.622239976100342,0.0774728032988182,0.042246584760671946,0.15338995348146642,1.8110645053862984,0.286822957517342,temp_avg,28.78875
Cabral,C4,38.91402715,61.085972850000005,2,0,2,0.21226667863125115,0.8979888243020786,20.622239976100342,0.0774728032988182,0.042246584760671946,0.15338995348146642,1.8110645053862984,0.286822957517342,TA_avg,2295.42156175
Cabral,C4,38.91402715,61.085972850000005,2,0,2,0.21226667863125115,0.8979888243020786,20.622239976100342,0.0774728032988182,0.042246584760671946,0.15338995348146642,1.8110645053862984,0.286822957517342,pH_avg,7.962233664043783
Cabral,C4,38.91402715,61.085972850000005,2,0,2,0.21226667863125115,0.8979888243020786,20.622239976100342,0.0774728032988182,0.042246584760671946,0.15338995348146642,1.8110645053862984,0.286822957517342,phos_avg,0.176096690125
Cabral,C4,38.91402715,61.085972850000005,2,0,2,0.21226667863125115,0.8979888243020786,20.622239976100342,0.0774728032988182,0.042246584760671946,0.15338995348146642,1.8110645053862984,0.286822957517342,NN_avg,0.36157643625
Cabral,C4,38.91402715,61.085972850000005,2,0,2,0.21226667863125115,0.8979888243020786,20.622239976100342,0.0774728032988182,0.042246584760671946,0.15338995348146642,1.8110645053862984,0.286822957517342,silicate_avg,4.525769305625
Cabral,C4,38.91402715,61.085972850000005,2,0,2,0.21226667863125115,0.8979888243020786,20.622239976100342,0.0774728032988182,0.042246584760671946,0.15338995348146642,1.8110645053862984,0.286822957517342,ammonia_avg,0.321702192625
Cabral,C5,41.12149533,58.87850468,6,6,0,0.23986603403924006,1.4081592594589571,21.801877349271056,0.0707814322493196,0.034848057772673836,0.2036492601875493,2.0276602563230726,0.4221418351360735,sal_avg,36.2775
Cabral,C5,41.12149533,58.87850468,6,6,0,0.23986603403924006,1.4081592594589571,21.801877349271056,0.0707814322493196,0.034848057772673836,0.2036492601875493,2.0276602563230726,0.4221418351360735,temp_avg,28.42625
Cabral,C5,41.12149533,58.87850468,6,6,0,0.23986603403924006,1.4081592594589571,21.801877349271056,0.0707814322493196,0.034848057772673836,0.2036492601875493,2.0276602563230726,0.4221418351360735,TA_avg,2301.8346425
Cabral,C5,41.12149533,58.87850468,6,6,0,0.23986603403924006,1.4081592594589571,21.801877349271056,0.0707814322493196,0.034848057772673836,0.2036492601875493,2.0276602563230726,0.4221418351360735,pH_avg,7.980695894744746
Cabral,C5,41.12149533,58.87850468,6,6,0,0.23986603403924006,1.4081592594589571,21.801877349271056,0.0707814322493196,0.034848057772673836,0.2036492601875493,2.0276602563230726,0.4221418351360735,phos_avg,0.17250026737500002
Cabral,C5,41.12149533,58.87850468,6,6,0,0.23986603403924006,1.4081592594589571,21.801877349271056,0.0707814322493196,0.034848057772673836,0.2036492601875493,2.0276602563230726,0.4221418351360735,NN_avg,0.37251650725
Cabral,C5,41.12149533,58.87850468,6,6,0,0.23986603403924006,1.4081592594589571,21.801877349271056,0.0707814322493196,0.034848057772673836,0.2036492601875493,2.0276602563230726,0.4221418351360735,silicate_avg,4.557215384
Cabral,C5,41.12149533,58.87850468,6,6,0,0.23986603403924006,1.4081592594589571,21.801877349271056,0.0707814322493196,0.034848057772673836,0.2036492601875493,2.0276602563230726,0.4221418351360735,ammonia_avg,0.472726862875
Cabral,C6,18.66666667,81.33333333,18,9,9,0.19033335418230196,1.0963445756564991,15.744774445825545,0.033290563878661375,0.05340983419127684,0.25166357297988523,0.32456086747406326,0.1851719660770435,sal_avg,36.47375
Cabral,C6,18.66666667,81.33333333,18,9,9,0.19033335418230196,1.0963445756564991,15.744774445825545,0.033290563878661375,0.05340983419127684,0.25166357297988523,0.32456086747406326,0.1851719660770435,temp_avg,28.385
Cabral,C6,18.66666667,81.33333333,18,9,9,0.19033335418230196,1.0963445756564991,15.744774445825545,0.033290563878661375,0.05340983419127684,0.25166357297988523,0.32456086747406326,0.1851719660770435,TA_avg,2338.87778675
Cabral,C6,18.66666667,81.33333333,18,9,9,0.19033335418230196,1.0963445756564991,15.744774445825545,0.033290563878661375,0.05340983419127684,0.25166357297988523,0.32456086747406326,0.1851719660770435,pH_avg,8.015203883613458
Cabral,C6,18.66666667,81.33333333,18,9,9,0.19033335418230196,1.0963445756564991,15.744774445825545,0.033290563878661375,0.05340983419127684,0.25166357297988523,0.32456086747406326,0.1851719660770435,phos_avg,0.1847120995
Cabral,C6,18.66666667,81.33333333,18,9,9,0.19033335418230196,1.0963445756564991,15.744774445825545,0.033290563878661375,0.05340983419127684,0.25166357297988523,0.32456086747406326,0.1851719660770435,NN_avg,0.41902082375
Cabral,C6,18.66666667,81.33333333,18,9,9,0.19033335418230196,1.0963445756564991,15.744774445825545,0.033290563878661375,0.05340983419127684,0.25166357297988523,0.32456086747406326,0.1851719660770435,silicate_avg,1.4206186836249999
Cabral,C6,18.66666667,81.33333333,18,9,9,0.19033335418230196,1.0963445756564991,15.744774445825545,0.033290563878661375,0.05340983419127684,0.25166357297988523,0.32456086747406326,0.1851719660770435,ammonia_avg,0.2524015085
Cabral,C7,32.14285714,67.85714285,8,5,3,0.1570562531918627,1.1859581218013837,26.13305706655161,0.045154943118728176,0.020117840433297337,0.09947375519383157,1.2040770521943347,0.15587152022608908,sal_avg,36.45333333333333
Cabral,C7,32.14285714,67.85714285,8,5,3,0.1570562531918627,1.1859581218013837,26.13305706655161,0.045154943118728176,0.020117840433297337,0.09947375519383157,1.2040770521943347,0.15587152022608908,temp_avg,28.781666666666666
Cabral,C7,32.14285714,67.85714285,8,5,3,0.1570562531918627,1.1859581218013837,26.13305706655161,0.045154943118728176,0.020117840433297337,0.09947375519383157,1.2040770521943347,0.15587152022608908,TA_avg,2335.8709663333334
Cabral,C7,32.14285714,67.85714285,8,5,3,0.1570562531918627,1.1859581218013837,26.13305706655161,0.045154943118728176,0.020117840433297337,0.09947375519383157,1.2040770521943347,0.15587152022608908,pH_avg,8.00456470464073
Cabral,C7,32.14285714,67.85714285,8,5,3,0.1570562531918627,1.1859581218013837,26.13305706655161,0.045154943118728176,0.020117840433297337,0.09947375519383157,1.2040770521943347,0.15587152022608908,phos_avg,0.1956329435
Cabral,C7,32.14285714,67.85714285,8,5,3,0.1570562531918627,1.1859581218013837,26.13305706655161,0.045154943118728176,0.020117840433297337,0.09947375519383157,1.2040770521943347,0.15587152022608908,NN_avg,0.6064147333333333
Cabral,C7,32.14285714,67.85714285,8,5,3,0.1570562531918627,1.1859581218013837,26.13305706655161,0.045154943118728176,0.020117840433297337,0.09947375519383157,1.2040770521943347,0.15587152022608908,silicate_avg,2.1462997035
Cabral,C7,32.14285714,67.85714285,8,5,3,0.1570562531918627,1.1859581218013837,26.13305706655161,0.045154943118728176,0.020117840433297337,0.09947375519383157,1.2040770521943347,0.15587152022608908,ammonia_avg,0.41123596083333336
Cabral,C8,45.19230769,54.807692314,9,4,5,0.2056870021589663,0.7863375774527666,24.66090657500228,0.06544033165649193,0.02592273359137535,0.10983264260665043,1.3003027837328611,0.4842897510654359,sal_avg,36.3125
Cabral,C8,45.19230769,54.807692314,9,4,5,0.2056870021589663,0.7863375774527666,24.66090657500228,0.06544033165649193,0.02592273359137535,0.10983264260665043,1.3003027837328611,0.4842897510654359,temp_avg,28.23125
Cabral,C8,45.19230769,54.807692314,9,4,5,0.2056870021589663,0.7863375774527666,24.66090657500228,0.06544033165649193,0.02592273359137535,0.10983264260665043,1.3003027837328611,0.4842897510654359,TA_avg,2316.46142725
Cabral,C8,45.19230769,54.807692314,9,4,5,0.2056870021589663,0.7863375774527666,24.66090657500228,0.06544033165649193,0.02592273359137535,0.10983264260665043,1.3003027837328611,0.4842897510654359,pH_avg,7.985707076233959
Cabral,C8,45.19230769,54.807692314,9,4,5,0.2056870021589663,0.7863375774527666,24.66090657500228,0.06544033165649193,0.02592273359137535,0.10983264260665043,1.3003027837328611,0.4842897510654359,phos_avg,0.1883020775
Cabral,C8,45.19230769,54.807692314,9,4,5,0.2056870021589663,0.7863375774527666,24.66090657500228,0.06544033165649193,0.02592273359137535,0.10983264260665043,1.3003027837328611,0.4842897510654359,NN_avg,0.449165372
Cabral,C8,45.19230769,54.807692314,9,4,5,0.2056870021589663,0.7863375774527666,24.66090657500228,0.06544033165649193,0.02592273359137535,0.10983264260665043,1.3003027837328611,0.4842897510654359,silicate_avg,3.97653580375
Cabral,C8,45.19230769,54.807692314,9,4,5,0.2056870021589663,0.7863375774527666,24.66090657500228,0.06544033165649193,0.02592273359137535,0.10983264260665043,1.3003027837328611,0.4842897510654359,ammonia_avg,0.46994653875
Cabral,C9,3.225806452,96.77419354499999,3,1,2,0.14908650413194888,0.5189481119121091,31.135690205976196,0.06779292758006324,0.02545382790152638,0.1518226816584987,1.8924519748986282,0.19049185737575722,sal_avg,36.37625
Cabral,C9,3.225806452,96.77419354499999,3,1,2,0.14908650413194888,0.5189481119121091,31.135690205976196,0.06779292758006324,0.02545382790152638,0.1518226816584987,1.8924519748986282,0.19049185737575722,temp_avg,27.8375
Cabral,C9,3.225806452,96.77419354499999,3,1,2,0.14908650413194888,0.5189481119121091,31.135690205976196,0.06779292758006324,0.02545382790152638,0.1518226816584987,1.8924519748986282,0.19049185737575722,TA_avg,2318.776858125
Cabral,C9,3.225806452,96.77419354499999,3,1,2,0.14908650413194888,0.5189481119121091,31.135690205976196,0.06779292758006324,0.02545382790152638,0.1518226816584987,1.8924519748986282,0.19049185737575722,pH_avg,7.9996746319225736
Cabral,C9,3.225806452,96.77419354499999,3,1,2,0.14908650413194888,0.5189481119121091,31.135690205976196,0.06779292758006324,0.02545382790152638,0.1518226816584987,1.8924519748986282,0.19049185737575722,phos_avg,0.193428585375
Cabral,C9,3.225806452,96.77419354499999,3,1,2,0.14908650413194888,0.5189481119121091,31.135690205976196,0.06779292758006324,0.02545382790152638,0.1518226816584987,1.8924519748986282,0.19049185737575722,NN_avg,0.536836181625
Cabral,C9,3.225806452,96.77419354499999,3,1,2,0.14908650413194888,0.5189481119121091,31.135690205976196,0.06779292758006324,0.02545382790152638,0.1518226816584987,1.8924519748986282,0.19049185737575722,silicate_avg,3.186183272875
Cabral,C9,3.225806452,96.77419354499999,3,1,2,0.14908650413194888,0.5189481119121091,31.135690205976196,0.06779292758006324,0.02545382790152638,0.1518226816584987,1.8924519748986282,0.19049185737575722,ammonia_avg,0.248768242
Cabral,CSEEP,100,0,NA,NA,NA,NA,NA,NA,NA,NA,NA,NA,NA,sal_avg,NA
Cabral,CSEEP,100,0,NA,NA,NA,NA,NA,NA,NA,NA,NA,NA,NA,temp_avg,NA
Cabral,CSEEP,100,0,NA,NA,NA,NA,NA,NA,NA,NA,NA,NA,NA,TA_avg,NA
Cabral,CSEEP,100,0,NA,NA,NA,NA,NA,NA,NA,NA,NA,NA,NA,pH_avg,NA
Cabral,CSEEP,100,0,NA,NA,NA,NA,NA,NA,NA,NA,NA,NA,NA,phos_avg,NA
Cabral,CSEEP,100,0,NA,NA,NA,NA,NA,NA,NA,NA,NA,NA,NA,NN_avg,NA
Cabral,CSEEP,100,0,NA,NA,NA,NA,NA,NA,NA,NA,NA,NA,NA,silicate_avg,NA
Cabral,CSEEP,100,0,NA,NA,NA,NA,NA,NA,NA,NA,NA,NA,NA,ammonia_avg,NA
Varari,V1,18.48341232,81.51658768,93,71,22,0.15615354165509268,0.7595099453877197,21.1914810171629,0.0610922533473574,0.030505411859181368,0.22407972522882652,1.7023971623635892,0.20585550855023835,sal_avg,36.48125
Varari,V1,18.48341232,81.51658768,93,71,22,0.15615354165509268,0.7595099453877197,21.1914810171629,0.0610922533473574,0.030505411859181368,0.22407972522882652,1.7023971623635892,0.20585550855023835,temp_avg,28.243750000000002
Varari,V1,18.48341232,81.51658768,93,71,22,0.15615354165509268,0.7595099453877197,21.1914810171629,0.0610922533473574,0.030505411859181368,0.22407972522882652,1.7023971623635892,0.20585550855023835,TA_avg,2346.188776375
Varari,V1,18.48341232,81.51658768,93,71,22,0.15615354165509268,0.7595099453877197,21.1914810171629,0.0610922533473574,0.030505411859181368,0.22407972522882652,1.7023971623635892,0.20585550855023835,pH_avg,7.998135182549872
Varari,V1,18.48341232,81.51658768,93,71,22,0.15615354165509268,0.7595099453877197,21.1914810171629,0.0610922533473574,0.030505411859181368,0.22407972522882652,1.7023971623635892,0.20585550855023835,phos_avg,0.190191126
Varari,V1,18.48341232,81.51658768,93,71,22,0.15615354165509268,0.7595099453877197,21.1914810171629,0.0610922533473574,0.030505411859181368,0.22407972522882652,1.7023971623635892,0.20585550855023835,NN_avg,0.53709298475
Varari,V1,18.48341232,81.51658768,93,71,22,0.15615354165509268,0.7595099453877197,21.1914810171629,0.0610922533473574,0.030505411859181368,0.22407972522882652,1.7023971623635892,0.20585550855023835,silicate_avg,2.347206797375
Varari,V1,18.48341232,81.51658768,93,71,22,0.15615354165509268,0.7595099453877197,21.1914810171629,0.0610922533473574,0.030505411859181368,0.22407972522882652,1.7023971623635892,0.20585550855023835,ammonia_avg,0.45508183275
Varari,V10,3.351955307,96.648044699,62,41,21,0.13479481761975434,0.9455610579363527,22.80054943774566,0.04888003452638045,0.0386675952194429,0.23587450625625814,0.9267021207001592,0.0872107002898795,sal_avg,36.47375
Varari,V10,3.351955307,96.648044699,62,41,21,0.13479481761975434,0.9455610579363527,22.80054943774566,0.04888003452638045,0.0386675952194429,0.23587450625625814,0.9267021207001592,0.0872107002898795,temp_avg,28.28
Varari,V10,3.351955307,96.648044699,62,41,21,0.13479481761975434,0.9455610579363527,22.80054943774566,0.04888003452638045,0.0386675952194429,0.23587450625625814,0.9267021207001592,0.0872107002898795,TA_avg,2345.21555375
Varari,V10,3.351955307,96.648044699,62,41,21,0.13479481761975434,0.9455610579363527,22.80054943774566,0.04888003452638045,0.0386675952194429,0.23587450625625814,0.9267021207001592,0.0872107002898795,pH_avg,8.016148270141985
Varari,V10,3.351955307,96.648044699,62,41,21,0.13479481761975434,0.9455610579363527,22.80054943774566,0.04888003452638045,0.0386675952194429,0.23587450625625814,0.9267021207001592,0.0872107002898795,phos_avg,0.179442168
Varari,V10,3.351955307,96.648044699,62,41,21,0.13479481761975434,0.9455610579363527,22.80054943774566,0.04888003452638045,0.0386675952194429,0.23587450625625814,0.9267021207001592,0.0872107002898795,NN_avg,0.33607662712499997
Varari,V10,3.351955307,96.648044699,62,41,21,0.13479481761975434,0.9455610579363527,22.80054943774566,0.04888003452638045,0.0386675952194429,0.23587450625625814,0.9267021207001592,0.0872107002898795,silicate_avg,1.426567079125
Varari,V10,3.351955307,96.648044699,62,41,21,0.13479481761975434,0.9455610579363527,22.80054943774566,0.04888003452638045,0.0386675952194429,0.23587450625625814,0.9267021207001592,0.0872107002898795,ammonia_avg,0.27625400375
Varari,V11,11.42857143,88.57142857999999,58,43,15,0.16464246978572503,0.8125972469275825,27.17048050838245,0.04627515705924118,0.03396009087925441,0.303572064382797,2.3678573304981114,0.28489970325087,sal_avg,36.4625
Varari,V11,11.42857143,88.57142857999999,58,43,15,0.16464246978572503,0.8125972469275825,27.17048050838245,0.04627515705924118,0.03396009087925441,0.303572064382797,2.3678573304981114,0.28489970325087,temp_avg,28.175
Varari,V11,11.42857143,88.57142857999999,58,43,15,0.16464246978572503,0.8125972469275825,27.17048050838245,0.04627515705924118,0.03396009087925441,0.303572064382797,2.3678573304981114,0.28489970325087,TA_avg,2353.926474375
Varari,V11,11.42857143,88.57142857999999,58,43,15,0.16464246978572503,0.8125972469275825,27.17048050838245,0.04627515705924118,0.03396009087925441,0.303572064382797,2.3678573304981114,0.28489970325087,pH_avg,8.012728609038973
Varari,V11,11.42857143,88.57142857999999,58,43,15,0.16464246978572503,0.8125972469275825,27.17048050838245,0.04627515705924118,0.03396009087925441,0.303572064382797,2.3678573304981114,0.28489970325087,phos_avg,0.183813182875
Varari,V11,11.42857143,88.57142857999999,58,43,15,0.16464246978572503,0.8125972469275825,27.17048050838245,0.04627515705924118,0.03396009087925441,0.303572064382797,2.3678573304981114,0.28489970325087,NN_avg,0.463686328
Varari,V11,11.42857143,88.57142857999999,58,43,15,0.16464246978572503,0.8125972469275825,27.17048050838245,0.04627515705924118,0.03396009087925441,0.303572064382797,2.3678573304981114,0.28489970325087,silicate_avg,2.08591149725
Varari,V11,11.42857143,88.57142857999999,58,43,15,0.16464246978572503,0.8125972469275825,27.17048050838245,0.04627515705924118,0.03396009087925441,0.303572064382797,2.3678573304981114,0.28489970325087,ammonia_avg,0.372399456875
Varari,V12,21.75925926,78.24074073999999,131,119,12,0.13943124265591048,0.8108714448049086,11.941205790380156,0.04378911962231296,0.042996417266195505,0.2378897848237631,1.141540753795619,0.20912492617413606,sal_avg,36.46125
Varari,V12,21.75925926,78.24074073999999,131,119,12,0.13943124265591048,0.8108714448049086,11.941205790380156,0.04378911962231296,0.042996417266195505,0.2378897848237631,1.141540753795619,0.20912492617413606,temp_avg,28.23625
Varari,V12,21.75925926,78.24074073999999,131,119,12,0.13943124265591048,0.8108714448049086,11.941205790380156,0.04378911962231296,0.042996417266195505,0.2378897848237631,1.141540753795619,0.20912492617413606,TA_avg,2353.86685575
Varari,V12,21.75925926,78.24074073999999,131,119,12,0.13943124265591048,0.8108714448049086,11.941205790380156,0.04378911962231296,0.042996417266195505,0.2378897848237631,1.141540753795619,0.20912492617413606,pH_avg,8.014308401623461
Varari,V12,21.75925926,78.24074073999999,131,119,12,0.13943124265591048,0.8108714448049086,11.941205790380156,0.04378911962231296,0.042996417266195505,0.2378897848237631,1.141540753795619,0.20912492617413606,phos_avg,0.182928310875
Varari,V12,21.75925926,78.24074073999999,131,119,12,0.13943124265591048,0.8108714448049086,11.941205790380156,0.04378911962231296,0.042996417266195505,0.2378897848237631,1.141540753795619,0.20912492617413606,NN_avg,0.364789527
Varari,V12,21.75925926,78.24074073999999,131,119,12,0.13943124265591048,0.8108714448049086,11.941205790380156,0.04378911962231296,0.042996417266195505,0.2378897848237631,1.141540753795619,0.20912492617413606,silicate_avg,1.421705055375
Varari,V12,21.75925926,78.24074073999999,131,119,12,0.13943124265591048,0.8108714448049086,11.941205790380156,0.04378911962231296,0.042996417266195505,0.2378897848237631,1.141540753795619,0.20912492617413606,ammonia_avg,0.321454366125
Varari,V13,44.70046083,55.299539174,8,4,4,0.07918107638282523,0.887571928674757,16.337149242608834,0.053136720126956395,NA,NA,NA,NA,sal_avg,36.52125
Varari,V13,44.70046083,55.299539174,8,4,4,0.07918107638282523,0.887571928674757,16.337149242608834,0.053136720126956395,NA,NA,NA,NA,temp_avg,28.26875
Varari,V13,44.70046083,55.299539174,8,4,4,0.07918107638282523,0.887571928674757,16.337149242608834,0.053136720126956395,NA,NA,NA,NA,TA_avg,2356.197046375
Varari,V13,44.70046083,55.299539174,8,4,4,0.07918107638282523,0.887571928674757,16.337149242608834,0.053136720126956395,NA,NA,NA,NA,pH_avg,8.01250182717682
Varari,V13,44.70046083,55.299539174,8,4,4,0.07918107638282523,0.887571928674757,16.337149242608834,0.053136720126956395,NA,NA,NA,NA,phos_avg,NA
Varari,V13,44.70046083,55.299539174,8,4,4,0.07918107638282523,0.887571928674757,16.337149242608834,0.053136720126956395,NA,NA,NA,NA,NN_avg,NA
Varari,V13,44.70046083,55.299539174,8,4,4,0.07918107638282523,0.887571928674757,16.337149242608834,0.053136720126956395,NA,NA,NA,NA,silicate_avg,NA
Varari,V13,44.70046083,55.299539174,8,4,4,0.07918107638282523,0.887571928674757,16.337149242608834,0.053136720126956395,NA,NA,NA,NA,ammonia_avg,NA
Varari,V14,95.26066351,4.739336493,2,0,2,0.10855380496062055,0.9036908447346043,26.95328532200486,0.05730233824848244,0.03752988865068753,0.16571631467490275,0.7570791982150435,0.15776597916013269,sal_avg,36.41875
Varari,V14,95.26066351,4.739336493,2,0,2,0.10855380496062055,0.9036908447346043,26.95328532200486,0.05730233824848244,0.03752988865068753,0.16571631467490275,0.7570791982150435,0.15776597916013269,temp_avg,28.205
Varari,V14,95.26066351,4.739336493,2,0,2,0.10855380496062055,0.9036908447346043,26.95328532200486,0.05730233824848244,0.03752988865068753,0.16571631467490275,0.7570791982150435,0.15776597916013269,TA_avg,2347.2846262499997
Varari,V14,95.26066351,4.739336493,2,0,2,0.10855380496062055,0.9036908447346043,26.95328532200486,0.05730233824848244,0.03752988865068753,0.16571631467490275,0.7570791982150435,0.15776597916013269,pH_avg,8.010612365856165
Varari,V14,95.26066351,4.739336493,2,0,2,0.10855380496062055,0.9036908447346043,26.95328532200486,0.05730233824848244,0.03752988865068753,0.16571631467490275,0.7570791982150435,0.15776597916013269,phos_avg,0.18791985325
Varari,V14,95.26066351,4.739336493,2,0,2,0.10855380496062055,0.9036908447346043,26.95328532200486,0.05730233824848244,0.03752988865068753,0.16571631467490275,0.7570791982150435,0.15776597916013269,NN_avg,0.349528805875
Varari,V14,95.26066351,4.739336493,2,0,2,0.10855380496062055,0.9036908447346043,26.95328532200486,0.05730233824848244,0.03752988865068753,0.16571631467490275,0.7570791982150435,0.15776597916013269,silicate_avg,2.76752988775
Varari,V14,95.26066351,4.739336493,2,0,2,0.10855380496062055,0.9036908447346043,26.95328532200486,0.05730233824848244,0.03752988865068753,0.16571631467490275,0.7570791982150435,0.15776597916013269,ammonia_avg,0.346129111625
Varari,V15,2.293577982,97.706422019,33,26,7,0.14340253036221481,0.9040346074285931,23.662996516946254,0.050164002225029765,0.04397263033026318,0.2853459016187697,2.4097137425860087,0.4198651256734514,sal_avg,36.4475
Varari,V15,2.293577982,97.706422019,33,26,7,0.14340253036221481,0.9040346074285931,23.662996516946254,0.050164002225029765,0.04397263033026318,0.2853459016187697,2.4097137425860087,0.4198651256734514,temp_avg,28.1675
Varari,V15,2.293577982,97.706422019,33,26,7,0.14340253036221481,0.9040346074285931,23.662996516946254,0.050164002225029765,0.04397263033026318,0.2853459016187697,2.4097137425860087,0.4198651256734514,TA_avg,2346.72420625
Varari,V15,2.293577982,97.706422019,33,26,7,0.14340253036221481,0.9040346074285931,23.662996516946254,0.050164002225029765,0.04397263033026318,0.2853459016187697,2.4097137425860087,0.4198651256734514,pH_avg,8.005115420251354
Varari,V15,2.293577982,97.706422019,33,26,7,0.14340253036221481,0.9040346074285931,23.662996516946254,0.050164002225029765,0.04397263033026318,0.2853459016187697,2.4097137425860087,0.4198651256734514,phos_avg,0.1936423015
Varari,V15,2.293577982,97.706422019,33,26,7,0.14340253036221481,0.9040346074285931,23.662996516946254,0.050164002225029765,0.04397263033026318,0.2853459016187697,2.4097137425860087,0.4198651256734514,NN_avg,0.45163470787500004
Varari,V15,2.293577982,97.706422019,33,26,7,0.14340253036221481,0.9040346074285931,23.662996516946254,0.050164002225029765,0.04397263033026318,0.2853459016187697,2.4097137425860087,0.4198651256734514,silicate_avg,2.3093493188750003
Varari,V15,2.293577982,97.706422019,33,26,7,0.14340253036221481,0.9040346074285931,23.662996516946254,0.050164002225029765,0.04397263033026318,0.2853459016187697,2.4097137425860087,0.4198651256734514,ammonia_avg,0.442277282875
Varari,V16,61.29032258,38.709677414999994,22,11,11,0.08795290947839315,0.8527926812202694,16.570429420149114,0.046167523400853734,0.03246649525468703,0.150216631605321,0.2783780202512603,0.20989348436929903,sal_avg,36.5375
Varari,V16,61.29032258,38.709677414999994,22,11,11,0.08795290947839315,0.8527926812202694,16.570429420149114,0.046167523400853734,0.03246649525468703,0.150216631605321,0.2783780202512603,0.20989348436929903,temp_avg,28.17375
Varari,V16,61.29032258,38.709677414999994,22,11,11,0.08795290947839315,0.8527926812202694,16.570429420149114,0.046167523400853734,0.03246649525468703,0.150216631605321,0.2783780202512603,0.20989348436929903,TA_avg,2354.6274765
Varari,V16,61.29032258,38.709677414999994,22,11,11,0.08795290947839315,0.8527926812202694,16.570429420149114,0.046167523400853734,0.03246649525468703,0.150216631605321,0.2783780202512603,0.20989348436929903,pH_avg,8.024863207994303
Varari,V16,61.29032258,38.709677414999994,22,11,11,0.08795290947839315,0.8527926812202694,16.570429420149114,0.046167523400853734,0.03246649525468703,0.150216631605321,0.2783780202512603,0.20989348436929903,phos_avg,0.17683791525
Varari,V16,61.29032258,38.709677414999994,22,11,11,0.08795290947839315,0.8527926812202694,16.570429420149114,0.046167523400853734,0.03246649525468703,0.150216631605321,0.2783780202512603,0.20989348436929903,NN_avg,0.256706975875
Varari,V16,61.29032258,38.709677414999994,22,11,11,0.08795290947839315,0.8527926812202694,16.570429420149114,0.046167523400853734,0.03246649525468703,0.150216631605321,0.2783780202512603,0.20989348436929903,silicate_avg,1.07013477725
Varari,V16,61.29032258,38.709677414999994,22,11,11,0.08795290947839315,0.8527926812202694,16.570429420149114,0.046167523400853734,0.03246649525468703,0.150216631605321,0.2783780202512603,0.20989348436929903,ammonia_avg,0.36665822
Varari,V17,82.27272727,17.72727273,7,3,4,0.2927578228794953,0.8424782744125467,16.944958616939097,0.04969575870912119,0.0526216166041776,0.27204826538931304,1.915664695414158,5.959051715578876,sal_avg,36.4975
Varari,V17,82.27272727,17.72727273,7,3,4,0.2927578228794953,0.8424782744125467,16.944958616939097,0.04969575870912119,0.0526216166041776,0.27204826538931304,1.915664695414158,5.959051715578876,temp_avg,28.12375
Varari,V17,82.27272727,17.72727273,7,3,4,0.2927578228794953,0.8424782744125467,16.944958616939097,0.04969575870912119,0.0526216166041776,0.27204826538931304,1.915664695414158,5.959051715578876,TA_avg,2351.91939125
Varari,V17,82.27272727,17.72727273,7,3,4,0.2927578228794953,0.8424782744125467,16.944958616939097,0.04969575870912119,0.0526216166041776,0.27204826538931304,1.915664695414158,5.959051715578876,pH_avg,8.009840131648383
Varari,V17,82.27272727,17.72727273,7,3,4,0.2927578228794953,0.8424782744125467,16.944958616939097,0.04969575870912119,0.0526216166041776,0.27204826538931304,1.915664695414158,5.959051715578876,phos_avg,0.189468352875
Varari,V17,82.27272727,17.72727273,7,3,4,0.2927578228794953,0.8424782744125467,16.944958616939097,0.04969575870912119,0.0526216166041776,0.27204826538931304,1.915664695414158,5.959051715578876,NN_avg,0.41211165325
Varari,V17,82.27272727,17.72727273,7,3,4,0.2927578228794953,0.8424782744125467,16.944958616939097,0.04969575870912119,0.0526216166041776,0.27204826538931304,1.915664695414158,5.959051715578876,silicate_avg,2.8441097913749998
Varari,V17,82.27272727,17.72727273,7,3,4,0.2927578228794953,0.8424782744125467,16.944958616939097,0.04969575870912119,0.0526216166041776,0.27204826538931304,1.915664695414158,5.959051715578876,ammonia_avg,2.371812976875
Varari,V18,8.040201005,91.95979899899999,13,10,3,0.22914437120981754,0.776216786729068,17.964826408779093,0.05111703698940516,0.05234492379803877,0.3104222125562871,3.0419128321002975,1.4072237005192254,sal_avg,36.4225
Varari,V18,8.040201005,91.95979899899999,13,10,3,0.22914437120981754,0.776216786729068,17.964826408779093,0.05111703698940516,0.05234492379803877,0.3104222125562871,3.0419128321002975,1.4072237005192254,temp_avg,28.17625
Varari,V18,8.040201005,91.95979899899999,13,10,3,0.22914437120981754,0.776216786729068,17.964826408779093,0.05111703698940516,0.05234492379803877,0.3104222125562871,3.0419128321002975,1.4072237005192254,TA_avg,2357.802103375
Varari,V18,8.040201005,91.95979899899999,13,10,3,0.22914437120981754,0.776216786729068,17.964826408779093,0.05111703698940516,0.05234492379803877,0.3104222125562871,3.0419128321002975,1.4072237005192254,pH_avg,8.010872399045612
Varari,V18,8.040201005,91.95979899899999,13,10,3,0.22914437120981754,0.776216786729068,17.964826408779093,0.05111703698940516,0.05234492379803877,0.3104222125562871,3.0419128321002975,1.4072237005192254,phos_avg,0.2049987715
Varari,V18,8.040201005,91.95979899899999,13,10,3,0.22914437120981754,0.776216786729068,17.964826408779093,0.05111703698940516,0.05234492379803877,0.3104222125562871,3.0419128321002975,1.4072237005192254,NN_avg,0.47393580837500004
Varari,V18,8.040201005,91.95979899899999,13,10,3,0.22914437120981754,0.776216786729068,17.964826408779093,0.05111703698940516,0.05234492379803877,0.3104222125562871,3.0419128321002975,1.4072237005192254,silicate_avg,2.784979697
Varari,V18,8.040201005,91.95979899899999,13,10,3,0.22914437120981754,0.776216786729068,17.964826408779093,0.05111703698940516,0.05234492379803877,0.3104222125562871,3.0419128321002975,1.4072237005192254,ammonia_avg,0.786178960375
Varari,V19,40,59.999999992999996,5,2,3,0.12020815280171215,0.9500742452190631,19.988841503574932,0.04898264665798394,0.03924946017110238,0.15563136307238307,0.2239730869974787,0.27607685511417646,sal_avg,36.5175
Varari,V19,40,59.999999992999996,5,2,3,0.12020815280171215,0.9500742452190631,19.988841503574932,0.04898264665798394,0.03924946017110238,0.15563136307238307,0.2239730869974787,0.27607685511417646,temp_avg,28.11875
Varari,V19,40,59.999999992999996,5,2,3,0.12020815280171215,0.9500742452190631,19.988841503574932,0.04898264665798394,0.03924946017110238,0.15563136307238307,0.2239730869974787,0.27607685511417646,TA_avg,2351.310898875
Varari,V19,40,59.999999992999996,5,2,3,0.12020815280171215,0.9500742452190631,19.988841503574932,0.04898264665798394,0.03924946017110238,0.15563136307238307,0.2239730869974787,0.27607685511417646,pH_avg,8.026288902240593
Varari,V19,40,59.999999992999996,5,2,3,0.12020815280171215,0.9500742452190631,19.988841503574932,0.04898264665798394,0.03924946017110238,0.15563136307238307,0.2239730869974787,0.27607685511417646,phos_avg,0.177265877875
Varari,V19,40,59.999999992999996,5,2,3,0.12020815280171215,0.9500742452190631,19.988841503574932,0.04898264665798394,0.03924946017110238,0.15563136307238307,0.2239730869974787,0.27607685511417646,NN_avg,0.25546221825
Varari,V19,40,59.999999992999996,5,2,3,0.12020815280171215,0.9500742452190631,19.988841503574932,0.04898264665798394,0.03924946017110238,0.15563136307238307,0.2239730869974787,0.27607685511417646,silicate_avg,1.00265511025
Varari,V19,40,59.999999992999996,5,2,3,0.12020815280171215,0.9500742452190631,19.988841503574932,0.04898264665798394,0.03924946017110238,0.15563136307238307,0.2239730869974787,0.27607685511417646,ammonia_avg,0.320101337375
Varari,V2,12.62626263,87.37373737,96,52,44,0.16953718513310514,0.74561575703767,12.4507927928733,0.052168027228933676,0.035724320051484564,0.2537024464568763,1.6941383816052717,0.7462925606465366,sal_avg,36.425
Varari,V2,12.62626263,87.37373737,96,52,44,0.16953718513310514,0.74561575703767,12.4507927928733,0.052168027228933676,0.035724320051484564,0.2537024464568763,1.6941383816052717,0.7462925606465366,temp_avg,28.27
Varari,V2,12.62626263,87.37373737,96,52,44,0.16953718513310514,0.74561575703767,12.4507927928733,0.052168027228933676,0.035724320051484564,0.2537024464568763,1.6941383816052717,0.7462925606465366,TA_avg,2349.609676875
Varari,V2,12.62626263,87.37373737,96,52,44,0.16953718513310514,0.74561575703767,12.4507927928733,0.052168027228933676,0.035724320051484564,0.2537024464568763,1.6941383816052717,0.7462925606465366,pH_avg,8.000545311497945
Varari,V2,12.62626263,87.37373737,96,52,44,0.16953718513310514,0.74561575703767,12.4507927928733,0.052168027228933676,0.035724320051484564,0.2537024464568763,1.6941383816052717,0.7462925606465366,phos_avg,0.190153339375
Varari,V2,12.62626263,87.37373737,96,52,44,0.16953718513310514,0.74561575703767,12.4507927928733,0.052168027228933676,0.035724320051484564,0.2537024464568763,1.6941383816052717,0.7462925606465366,NN_avg,0.548556364625
Varari,V2,12.62626263,87.37373737,96,52,44,0.16953718513310514,0.74561575703767,12.4507927928733,0.052168027228933676,0.035724320051484564,0.2537024464568763,1.6941383816052717,0.7462925606465366,silicate_avg,2.2096600595
Varari,V2,12.62626263,87.37373737,96,52,44,0.16953718513310514,0.74561575703767,12.4507927928733,0.052168027228933676,0.035724320051484564,0.2537024464568763,1.6941383816052717,0.7462925606465366,ammonia_avg,0.61371223525
Varari,V20,77.88944724,22.110552761,4,4,0,0.12135396867958505,0.871803344469709,19.47107932726098,0.05425135652651297,0.040502501086509456,0.1703259458334538,0.3694631016996545,0.11389109643879017,sal_avg,36.50875
Varari,V20,77.88944724,22.110552761,4,4,0,0.12135396867958505,0.871803344469709,19.47107932726098,0.05425135652651297,0.040502501086509456,0.1703259458334538,0.3694631016996545,0.11389109643879017,temp_avg,28.23125
Varari,V20,77.88944724,22.110552761,4,4,0,0.12135396867958505,0.871803344469709,19.47107932726098,0.05425135652651297,0.040502501086509456,0.1703259458334538,0.3694631016996545,0.11389109643879017,TA_avg,2345.2135722499997
Varari,V20,77.88944724,22.110552761,4,4,0,0.12135396867958505,0.871803344469709,19.47107932726098,0.05425135652651297,0.040502501086509456,0.1703259458334538,0.3694631016996545,0.11389109643879017,pH_avg,8.013553448818287
Varari,V20,77.88944724,22.110552761,4,4,0,0.12135396867958505,0.871803344469709,19.47107932726098,0.05425135652651297,0.040502501086509456,0.1703259458334538,0.3694631016996545,0.11389109643879017,phos_avg,0.183378119625
Varari,V20,77.88944724,22.110552761,4,4,0,0.12135396867958505,0.871803344469709,19.47107932726098,0.05425135652651297,0.040502501086509456,0.1703259458334538,0.3694631016996545,0.11389109643879017,NN_avg,0.31178709112499997
Varari,V20,77.88944724,22.110552761,4,4,0,0.12135396867958505,0.871803344469709,19.47107932726098,0.05425135652651297,0.040502501086509456,0.1703259458334538,0.3694631016996545,0.11389109643879017,silicate_avg,1.365156752375
Varari,V20,77.88944724,22.110552761,4,4,0,0.12135396867958505,0.871803344469709,19.47107932726098,0.05425135652651297,0.040502501086509456,0.1703259458334538,0.3694631016996545,0.11389109643879017,ammonia_avg,0.27032725375
Varari,V3,14.1025641,85.897435899,2,2,0,NA,NA,NA,NA,0.04007979197627767,0.2126821449263518,0.9487040456089176,0.1359026803222889,sal_avg,NA
Varari,V3,14.1025641,85.897435899,2,2,0,NA,NA,NA,NA,0.04007979197627767,0.2126821449263518,0.9487040456089176,0.1359026803222889,temp_avg,NA
Varari,V3,14.1025641,85.897435899,2,2,0,NA,NA,NA,NA,0.04007979197627767,0.2126821449263518,0.9487040456089176,0.1359026803222889,TA_avg,NA
Varari,V3,14.1025641,85.897435899,2,2,0,NA,NA,NA,NA,0.04007979197627767,0.2126821449263518,0.9487040456089176,0.1359026803222889,pH_avg,NA
Varari,V3,14.1025641,85.897435899,2,2,0,NA,NA,NA,NA,0.04007979197627767,0.2126821449263518,0.9487040456089176,0.1359026803222889,phos_avg,0.18104038075
Varari,V3,14.1025641,85.897435899,2,2,0,NA,NA,NA,NA,0.04007979197627767,0.2126821449263518,0.9487040456089176,0.1359026803222889,NN_avg,0.4179128175
Varari,V3,14.1025641,85.897435899,2,2,0,NA,NA,NA,NA,0.04007979197627767,0.2126821449263518,0.9487040456089176,0.1359026803222889,silicate_avg,1.7134392475
Varari,V3,14.1025641,85.897435899,2,2,0,NA,NA,NA,NA,0.04007979197627767,0.2126821449263518,0.9487040456089176,0.1359026803222889,ammonia_avg,0.40490870075
Varari,V4,17.71428571,82.285714284,27,17,10,0.07520210863305023,0.7647782124810518,18.31118261284241,0.045190950110681645,0.047467978074017605,0.30499420840263725,0.7436782729358838,0.28719267428504675,sal_avg,36.52375
Varari,V4,17.71428571,82.285714284,27,17,10,0.07520210863305023,0.7647782124810518,18.31118261284241,0.045190950110681645,0.047467978074017605,0.30499420840263725,0.7436782729358838,0.28719267428504675,temp_avg,28.265
Varari,V4,17.71428571,82.285714284,27,17,10,0.07520210863305023,0.7647782124810518,18.31118261284241,0.045190950110681645,0.047467978074017605,0.30499420840263725,0.7436782729358838,0.28719267428504675,TA_avg,2346.063045625
Varari,V4,17.71428571,82.285714284,27,17,10,0.07520210863305023,0.7647782124810518,18.31118261284241,0.045190950110681645,0.047467978074017605,0.30499420840263725,0.7436782729358838,0.28719267428504675,pH_avg,8.018389014017856
Varari,V4,17.71428571,82.285714284,27,17,10,0.07520210863305023,0.7647782124810518,18.31118261284241,0.045190950110681645,0.047467978074017605,0.30499420840263725,0.7436782729358838,0.28719267428504675,phos_avg,0.185036672875
Varari,V4,17.71428571,82.285714284,27,17,10,0.07520210863305023,0.7647782124810518,18.31118261284241,0.045190950110681645,0.047467978074017605,0.30499420840263725,0.7436782729358838,0.28719267428504675,NN_avg,0.418684395875
Varari,V4,17.71428571,82.285714284,27,17,10,0.07520210863305023,0.7647782124810518,18.31118261284241,0.045190950110681645,0.047467978074017605,0.30499420840263725,0.7436782729358838,0.28719267428504675,silicate_avg,1.270093439375
Varari,V4,17.71428571,82.285714284,27,17,10,0.07520210863305023,0.7647782124810518,18.31118261284241,0.045190950110681645,0.047467978074017605,0.30499420840263725,0.7436782729358838,0.28719267428504675,ammonia_avg,0.412108263375
Varari,V5,24.47257384,75.527426156,44,26,18,0.12351980754981363,0.8338208098009687,16.49874932703654,0.04653026816775467,0.04116476087198136,0.28567772643686296,1.5934769831404303,0.15385261957149954,sal_avg,36.48
Varari,V5,24.47257384,75.527426156,44,26,18,0.12351980754981363,0.8338208098009687,16.49874932703654,0.04653026816775467,0.04116476087198136,0.28567772643686296,1.5934769831404303,0.15385261957149954,temp_avg,28.205
Varari,V5,24.47257384,75.527426156,44,26,18,0.12351980754981363,0.8338208098009687,16.49874932703654,0.04653026816775467,0.04116476087198136,0.28567772643686296,1.5934769831404303,0.15385261957149954,TA_avg,2347.91265075
Varari,V5,24.47257384,75.527426156,44,26,18,0.12351980754981363,0.8338208098009687,16.49874932703654,0.04653026816775467,0.04116476087198136,0.28567772643686296,1.5934769831404303,0.15385261957149954,pH_avg,8.014488839704956
Varari,V5,24.47257384,75.527426156,44,26,18,0.12351980754981363,0.8338208098009687,16.49874932703654,0.04653026816775467,0.04116476087198136,0.28567772643686296,1.5934769831404303,0.15385261957149954,phos_avg,0.17793991250000002
Varari,V5,24.47257384,75.527426156,44,26,18,0.12351980754981363,0.8338208098009687,16.49874932703654,0.04653026816775467,0.04116476087198136,0.28567772643686296,1.5934769831404303,0.15385261957149954,NN_avg,0.42712633325
Varari,V5,24.47257384,75.527426156,44,26,18,0.12351980754981363,0.8338208098009687,16.49874932703654,0.04653026816775467,0.04116476087198136,0.28567772643686296,1.5934769831404303,0.15385261957149954,silicate_avg,1.693587049125
Varari,V5,24.47257384,75.527426156,44,26,18,0.12351980754981363,0.8338208098009687,16.49874932703654,0.04653026816775467,0.04116476087198136,0.28567772643686296,1.5934769831404303,0.15385261957149954,ammonia_avg,0.29266547375
Varari,V6,26.7281106,73.271889396,32,18,14,0.09794313218831124,0.7281667293376471,28.88687073661368,0.05370399008651409,0.03356608667816083,0.24497050614100682,1.5176973113203287,0.11761346834571469,sal_avg,36.4525
Varari,V6,26.7281106,73.271889396,32,18,14,0.09794313218831124,0.7281667293376471,28.88687073661368,0.05370399008651409,0.03356608667816083,0.24497050614100682,1.5176973113203287,0.11761346834571469,temp_avg,28.25625
Varari,V6,26.7281106,73.271889396,32,18,14,0.09794313218831124,0.7281667293376471,28.88687073661368,0.05370399008651409,0.03356608667816083,0.24497050614100682,1.5176973113203287,0.11761346834571469,TA_avg,2354.316926625
Varari,V6,26.7281106,73.271889396,32,18,14,0.09794313218831124,0.7281667293376471,28.88687073661368,0.05370399008651409,0.03356608667816083,0.24497050614100682,1.5176973113203287,0.11761346834571469,pH_avg,8.005361683350461
Varari,V6,26.7281106,73.271889396,32,18,14,0.09794313218831124,0.7281667293376471,28.88687073661368,0.05370399008651409,0.03356608667816083,0.24497050614100682,1.5176973113203287,0.11761346834571469,phos_avg,0.1885234655
Varari,V6,26.7281106,73.271889396,32,18,14,0.09794313218831124,0.7281667293376471,28.88687073661368,0.05370399008651409,0.03356608667816083,0.24497050614100682,1.5176973113203287,0.11761346834571469,NN_avg,0.464802269375
Varari,V6,26.7281106,73.271889396,32,18,14,0.09794313218831124,0.7281667293376471,28.88687073661368,0.05370399008651409,0.03356608667816083,0.24497050614100682,1.5176973113203287,0.11761346834571469,silicate_avg,2.79623498725
Varari,V6,26.7281106,73.271889396,32,18,14,0.09794313218831124,0.7281667293376471,28.88687073661368,0.05370399008651409,0.03356608667816083,0.24497050614100682,1.5176973113203287,0.11761346834571469,ammonia_avg,0.28077359825
Varari,V7,49.55357143,50.446428573,16,4,12,NA,NA,NA,NA,0.03625647462204639,0.2682784658952054,1.526706584343108,0.1793604138534564,sal_avg,NA
Varari,V7,49.55357143,50.446428573,16,4,12,NA,NA,NA,NA,0.03625647462204639,0.2682784658952054,1.526706584343108,0.1793604138534564,temp_avg,NA
Varari,V7,49.55357143,50.446428573,16,4,12,NA,NA,NA,NA,0.03625647462204639,0.2682784658952054,1.526706584343108,0.1793604138534564,TA_avg,NA
Varari,V7,49.55357143,50.446428573,16,4,12,NA,NA,NA,NA,0.03625647462204639,0.2682784658952054,1.526706584343108,0.1793604138534564,pH_avg,NA
Varari,V7,49.55357143,50.446428573,16,4,12,NA,NA,NA,NA,0.03625647462204639,0.2682784658952054,1.526706584343108,0.1793604138534564,phos_avg,0.196011863875
Varari,V7,49.55357143,50.446428573,16,4,12,NA,NA,NA,NA,0.03625647462204639,0.2682784658952054,1.526706584343108,0.1793604138534564,NN_avg,0.5113091205
Varari,V7,49.55357143,50.446428573,16,4,12,NA,NA,NA,NA,0.03625647462204639,0.2682784658952054,1.526706584343108,0.1793604138534564,silicate_avg,2.92509483825
Varari,V7,49.55357143,50.446428573,16,4,12,NA,NA,NA,NA,0.03625647462204639,0.2682784658952054,1.526706584343108,0.1793604138534564,ammonia_avg,0.32946965525
Varari,V8,16.17647059,83.82352941399999,2,2,0,0.19171686713186545,0.8750510189207743,16.10402414957496,0.05169189972531328,0.03602555331731505,0.366598166762653,2.4748981995512334,0.13802419037614708,sal_avg,36.46875
Varari,V8,16.17647059,83.82352941399999,2,2,0,0.19171686713186545,0.8750510189207743,16.10402414957496,0.05169189972531328,0.03602555331731505,0.366598166762653,2.4748981995512334,0.13802419037614708,temp_avg,28.265
Varari,V8,16.17647059,83.82352941399999,2,2,0,0.19171686713186545,0.8750510189207743,16.10402414957496,0.05169189972531328,0.03602555331731505,0.366598166762653,2.4748981995512334,0.13802419037614708,TA_avg,2347.9263621249997
Varari,V8,16.17647059,83.82352941399999,2,2,0,0.19171686713186545,0.8750510189207743,16.10402414957496,0.05169189972531328,0.03602555331731505,0.366598166762653,2.4748981995512334,0.13802419037614708,pH_avg,8.003253581326659
Varari,V8,16.17647059,83.82352941399999,2,2,0,0.19171686713186545,0.8750510189207743,16.10402414957496,0.05169189972531328,0.03602555331731505,0.366598166762653,2.4748981995512334,0.13802419037614708,phos_avg,0.18645836625
Varari,V8,16.17647059,83.82352941399999,2,2,0,0.19171686713186545,0.8750510189207743,16.10402414957496,0.05169189972531328,0.03602555331731505,0.366598166762653,2.4748981995512334,0.13802419037614708,NN_avg,0.49092993325
Varari,V8,16.17647059,83.82352941399999,2,2,0,0.19171686713186545,0.8750510189207743,16.10402414957496,0.05169189972531328,0.03602555331731505,0.366598166762653,2.4748981995512334,0.13802419037614708,silicate_avg,2.56918465475
Varari,V8,16.17647059,83.82352941399999,2,2,0,0.19171686713186545,0.8750510189207743,16.10402414957496,0.05169189972531328,0.03602555331731505,0.366598166762653,2.4748981995512334,0.13802419037614708,ammonia_avg,0.287798073375
Varari,V9,37.83783784,62.162162162,19,11,8,0.08773946823245676,0.8502898665413211,16.845065733734966,0.05187080752940168,0.043241914277350864,0.20965237029794023,0.4733588780273234,0.10255821889169502,sal_avg,36.49875
Varari,V9,37.83783784,62.162162162,19,11,8,0.08773946823245676,0.8502898665413211,16.845065733734966,0.05187080752940168,0.043241914277350864,0.20965237029794023,0.4733588780273234,0.10255821889169502,temp_avg,28.3875
Varari,V9,37.83783784,62.162162162,19,11,8,0.08773946823245676,0.8502898665413211,16.845065733734966,0.05187080752940168,0.043241914277350864,0.20965237029794023,0.4733588780273234,0.10255821889169502,TA_avg,2351.6292185
Varari,V9,37.83783784,62.162162162,19,11,8,0.08773946823245676,0.8502898665413211,16.845065733734966,0.05187080752940168,0.043241914277350864,0.20965237029794023,0.4733588780273234,0.10255821889169502,pH_avg,8.011414621799082
Varari,V9,37.83783784,62.162162162,19,11,8,0.08773946823245676,0.8502898665413211,16.845065733734966,0.05187080752940168,0.043241914277350864,0.20965237029794023,0.4733588780273234,0.10255821889169502,phos_avg,0.18561393775
Varari,V9,37.83783784,62.162162162,19,11,8,0.08773946823245676,0.8502898665413211,16.845065733734966,0.05187080752940168,0.043241914277350864,0.20965237029794023,0.4733588780273234,0.10255821889169502,NN_avg,0.37027853325
Varari,V9,37.83783784,62.162162162,19,11,8,0.08773946823245676,0.8502898665413211,16.845065733734966,0.05187080752940168,0.043241914277350864,0.20965237029794023,0.4733588780273234,0.10255821889169502,silicate_avg,1.28478809875
Varari,V9,37.83783784,62.162162162,19,11,8,0.08773946823245676,0.8502898665413211,16.845065733734966,0.05187080752940168,0.043241914277350864,0.20965237029794023,0.4733588780273234,0.10255821889169502,ammonia_avg,0.25253482925
Varari,VSEEP,97.5,2.5,NA,NA,NA,NA,NA,NA,NA,NA,NA,NA,NA,sal_avg,NA
Varari,VSEEP,97.5,2.5,NA,NA,NA,NA,NA,NA,NA,NA,NA,NA,NA,temp_avg,NA
Varari,VSEEP,97.5,2.5,NA,NA,NA,NA,NA,NA,NA,NA,NA,NA,NA,TA_avg,NA
Varari,VSEEP,97.5,2.5,NA,NA,NA,NA,NA,NA,NA,NA,NA,NA,NA,pH_avg,NA
Varari,VSEEP,97.5,2.5,NA,NA,NA,NA,NA,NA,NA,NA,NA,NA,NA,phos_avg,NA
Varari,VSEEP,97.5,2.5,NA,NA,NA,NA,NA,NA,NA,NA,NA,NA,NA,NN_avg,NA
Varari,VSEEP,97.5,2.5,NA,NA,NA,NA,NA,NA,NA,NA,NA,NA,NA,silicate_avg,NA
Varari,VSEEP,97.5,2.5,NA,NA,NA,NA,NA,NA,NA,NA,NA,NA,NA,ammonia_avg,NA
