CowTagID,Location,sum_total,sum_total_dead,sum_total_alive,sal_sd,temp_sd,TA_sd,pH_sd,phos_sd,NN_sd,silicate_sd,ammonia_sd,MAXenv_params,max_value
C1,Cabral,29,14,15,0.21202088845879577,0.9435737536469682,33.956983344309236,0.07083436234465015,0.03418410083860198,0.7964535775656351,1.38067237536478,0.2472131052864811,sal_max,36.58
C1,Cabral,29,14,15,0.21202088845879577,0.9435737536469682,33.956983344309236,0.07083436234465015,0.03418410083860198,0.7964535775656351,1.38067237536478,0.2472131052864811,temp_max,29.35
C1,Cabral,29,14,15,0.21202088845879577,0.9435737536469682,33.956983344309236,0.07083436234465015,0.03418410083860198,0.7964535775656351,1.38067237536478,0.2472131052864811,TA_max,2362.354403
C1,Cabral,29,14,15,0.21202088845879577,0.9435737536469682,33.956983344309236,0.07083436234465015,0.03418410083860198,0.7964535775656351,1.38067237536478,0.2472131052864811,pH_max,8.051251381
C1,Cabral,29,14,15,0.21202088845879577,0.9435737536469682,33.956983344309236,0.07083436234465015,0.03418410083860198,0.7964535775656351,1.38067237536478,0.2472131052864811,phos_max,0.23
C1,Cabral,29,14,15,0.21202088845879577,0.9435737536469682,33.956983344309236,0.07083436234465015,0.03418410083860198,0.7964535775656351,1.38067237536478,0.2472131052864811,NN_max,2.51686028
C1,Cabral,29,14,15,0.21202088845879577,0.9435737536469682,33.956983344309236,0.07083436234465015,0.03418410083860198,0.7964535775656351,1.38067237536478,0.2472131052864811,silicate_max,6.538680142
C1,Cabral,29,14,15,0.21202088845879577,0.9435737536469682,33.956983344309236,0.07083436234465015,0.03418410083860198,0.7964535775656351,1.38067237536478,0.2472131052864811,ammonia_max,0.637430379
C10,Cabral,11,8,3,0.14785421727234385,0.9848076947567846,29.93682016619777,0.06794262994032911,0.032721209192634965,0.065688000320831,1.2445334486524922,0.2344089935548493,sal_max,36.5
C10,Cabral,11,8,3,0.14785421727234385,0.9848076947567846,29.93682016619777,0.06794262994032911,0.032721209192634965,0.065688000320831,1.2445334486524922,0.2344089935548493,temp_max,29.99
C10,Cabral,11,8,3,0.14785421727234385,0.9848076947567846,29.93682016619777,0.06794262994032911,0.032721209192634965,0.065688000320831,1.2445334486524922,0.2344089935548493,TA_max,2351.076783
C10,Cabral,11,8,3,0.14785421727234385,0.9848076947567846,29.93682016619777,0.06794262994032911,0.032721209192634965,0.065688000320831,1.2445334486524922,0.2344089935548493,pH_max,8.064817779138096
C10,Cabral,11,8,3,0.14785421727234385,0.9848076947567846,29.93682016619777,0.06794262994032911,0.032721209192634965,0.065688000320831,1.2445334486524922,0.2344089935548493,phos_max,0.24
C10,Cabral,11,8,3,0.14785421727234385,0.9848076947567846,29.93682016619777,0.06794262994032911,0.032721209192634965,0.065688000320831,1.2445334486524922,0.2344089935548493,NN_max,0.49
C10,Cabral,11,8,3,0.14785421727234385,0.9848076947567846,29.93682016619777,0.06794262994032911,0.032721209192634965,0.065688000320831,1.2445334486524922,0.2344089935548493,silicate_max,6.79
C10,Cabral,11,8,3,0.14785421727234385,0.9848076947567846,29.93682016619777,0.06794262994032911,0.032721209192634965,0.065688000320831,1.2445334486524922,0.2344089935548493,ammonia_max,0.894382275
C11,Cabral,2,1,1,0.155460396186967,0.8994917042902374,27.599731707894257,0.06833934880885642,0.024652062363155494,0.2293470461993698,0.8857243088299172,0.2958892712670783,sal_max,36.59
C11,Cabral,2,1,1,0.155460396186967,0.8994917042902374,27.599731707894257,0.06833934880885642,0.024652062363155494,0.2293470461993698,0.8857243088299172,0.2958892712670783,temp_max,29.97
C11,Cabral,2,1,1,0.155460396186967,0.8994917042902374,27.599731707894257,0.06833934880885642,0.024652062363155494,0.2293470461993698,0.8857243088299172,0.2958892712670783,TA_max,2333.809095
C11,Cabral,2,1,1,0.155460396186967,0.8994917042902374,27.599731707894257,0.06833934880885642,0.024652062363155494,0.2293470461993698,0.8857243088299172,0.2958892712670783,pH_max,8.052661638594968
C11,Cabral,2,1,1,0.155460396186967,0.8994917042902374,27.599731707894257,0.06833934880885642,0.024652062363155494,0.2293470461993698,0.8857243088299172,0.2958892712670783,phos_max,0.249897615
C11,Cabral,2,1,1,0.155460396186967,0.8994917042902374,27.599731707894257,0.06833934880885642,0.024652062363155494,0.2293470461993698,0.8857243088299172,0.2958892712670783,NN_max,1.156297447
C11,Cabral,2,1,1,0.155460396186967,0.8994917042902374,27.599731707894257,0.06833934880885642,0.024652062363155494,0.2293470461993698,0.8857243088299172,0.2958892712670783,silicate_max,4.713742766
C11,Cabral,2,1,1,0.155460396186967,0.8994917042902374,27.599731707894257,0.06833934880885642,0.024652062363155494,0.2293470461993698,0.8857243088299172,0.2958892712670783,ammonia_max,0.965451554
C12,Cabral,86,48,38,0.16610667828666276,0.585313103023867,33.210466048498475,0.05223049236272986,0.03572605045057753,0.47699604650316757,1.13102145730321,0.2604879640502657,sal_max,36.65
C12,Cabral,86,48,38,0.16610667828666276,0.585313103023867,33.210466048498475,0.05223049236272986,0.03572605045057753,0.47699604650316757,1.13102145730321,0.2604879640502657,temp_max,28.83
C12,Cabral,86,48,38,0.16610667828666276,0.585313103023867,33.210466048498475,0.05223049236272986,0.03572605045057753,0.47699604650316757,1.13102145730321,0.2604879640502657,TA_max,2358.511584
C12,Cabral,86,48,38,0.16610667828666276,0.585313103023867,33.210466048498475,0.05223049236272986,0.03572605045057753,0.47699604650316757,1.13102145730321,0.2604879640502657,pH_max,8.058770289873383
C12,Cabral,86,48,38,0.16610667828666276,0.585313103023867,33.210466048498475,0.05223049236272986,0.03572605045057753,0.47699604650316757,1.13102145730321,0.2604879640502657,phos_max,0.277882817
C12,Cabral,86,48,38,0.16610667828666276,0.585313103023867,33.210466048498475,0.05223049236272986,0.03572605045057753,0.47699604650316757,1.13102145730321,0.2604879640502657,NN_max,1.973447265
C12,Cabral,86,48,38,0.16610667828666276,0.585313103023867,33.210466048498475,0.05223049236272986,0.03572605045057753,0.47699604650316757,1.13102145730321,0.2604879640502657,silicate_max,4.61
C12,Cabral,86,48,38,0.16610667828666276,0.585313103023867,33.210466048498475,0.05223049236272986,0.03572605045057753,0.47699604650316757,1.13102145730321,0.2604879640502657,ammonia_max,0.92289297
C13,Cabral,16,13,3,0.3747499166110657,1.399242030840113,41.00554423815735,0.1002175095863539,0.0400355650068346,0.20319747842119146,1.0360222101665126,0.32647073406187255,sal_max,36.53
C13,Cabral,16,13,3,0.3747499166110657,1.399242030840113,41.00554423815735,0.1002175095863539,0.0400355650068346,0.20319747842119146,1.0360222101665126,0.32647073406187255,temp_max,30.46
C13,Cabral,16,13,3,0.3747499166110657,1.399242030840113,41.00554423815735,0.1002175095863539,0.0400355650068346,0.20319747842119146,1.0360222101665126,0.32647073406187255,TA_max,2332.698308
C13,Cabral,16,13,3,0.3747499166110657,1.399242030840113,41.00554423815735,0.1002175095863539,0.0400355650068346,0.20319747842119146,1.0360222101665126,0.32647073406187255,pH_max,8.0690313229905275
C13,Cabral,16,13,3,0.3747499166110657,1.399242030840113,41.00554423815735,0.1002175095863539,0.0400355650068346,0.20319747842119146,1.0360222101665126,0.32647073406187255,phos_max,0.29
C13,Cabral,16,13,3,0.3747499166110657,1.399242030840113,41.00554423815735,0.1002175095863539,0.0400355650068346,0.20319747842119146,1.0360222101665126,0.32647073406187255,NN_max,1.164595177
C13,Cabral,16,13,3,0.3747499166110657,1.399242030840113,41.00554423815735,0.1002175095863539,0.0400355650068346,0.20319747842119146,1.0360222101665126,0.32647073406187255,silicate_max,6.18
C13,Cabral,16,13,3,0.3747499166110657,1.399242030840113,41.00554423815735,0.1002175095863539,0.0400355650068346,0.20319747842119146,1.0360222101665126,0.32647073406187255,ammonia_max,1.098402673
C14,Cabral,13,7,6,0.16797233665801453,1.2032272779292112,28.703792051086122,0.07628445562885905,0.016421358150165603,0.10191898057630087,1.295724099204631,0.28233800159585315,sal_max,36.59
C14,Cabral,13,7,6,0.16797233665801453,1.2032272779292112,28.703792051086122,0.07628445562885905,0.016421358150165603,0.10191898057630087,1.295724099204631,0.28233800159585315,temp_max,30.06
C14,Cabral,13,7,6,0.16797233665801453,1.2032272779292112,28.703792051086122,0.07628445562885905,0.016421358150165603,0.10191898057630087,1.295724099204631,0.28233800159585315,TA_max,2339.79754
C14,Cabral,13,7,6,0.16797233665801453,1.2032272779292112,28.703792051086122,0.07628445562885905,0.016421358150165603,0.10191898057630087,1.295724099204631,0.28233800159585315,pH_max,8.059177114289513
C14,Cabral,13,7,6,0.16797233665801453,1.2032272779292112,28.703792051086122,0.07628445562885905,0.016421358150165603,0.10191898057630087,1.295724099204631,0.28233800159585315,phos_max,0.23
C14,Cabral,13,7,6,0.16797233665801453,1.2032272779292112,28.703792051086122,0.07628445562885905,0.016421358150165603,0.10191898057630087,1.295724099204631,0.28233800159585315,NN_max,0.72154938
C14,Cabral,13,7,6,0.16797233665801453,1.2032272779292112,28.703792051086122,0.07628445562885905,0.016421358150165603,0.10191898057630087,1.295724099204631,0.28233800159585315,silicate_max,5.100120929
C14,Cabral,13,7,6,0.16797233665801453,1.2032272779292112,28.703792051086122,0.07628445562885905,0.016421358150165603,0.10191898057630087,1.295724099204631,0.28233800159585315,ammonia_max,1.017612492
C15,Cabral,14,7,7,0.19312446459091986,1.4103775047420293,16.92188263280695,0.0755399518434771,0.01898009599402885,0.21989870770606657,0.4297736931666749,0.21075296333422913,sal_max,36.68
C15,Cabral,14,7,7,0.19312446459091986,1.4103775047420293,16.92188263280695,0.0755399518434771,0.01898009599402885,0.21989870770606657,0.4297736931666749,0.21075296333422913,temp_max,30.35
C15,Cabral,14,7,7,0.19312446459091986,1.4103775047420293,16.92188263280695,0.0755399518434771,0.01898009599402885,0.21989870770606657,0.4297736931666749,0.21075296333422913,TA_max,2340.212488
C15,Cabral,14,7,7,0.19312446459091986,1.4103775047420293,16.92188263280695,0.0755399518434771,0.01898009599402885,0.21989870770606657,0.4297736931666749,0.21075296333422913,pH_max,8.07988155948271
C15,Cabral,14,7,7,0.19312446459091986,1.4103775047420293,16.92188263280695,0.0755399518434771,0.01898009599402885,0.21989870770606657,0.4297736931666749,0.21075296333422913,phos_max,0.242252877
C15,Cabral,14,7,7,0.19312446459091986,1.4103775047420293,16.92188263280695,0.0755399518434771,0.01898009599402885,0.21989870770606657,0.4297736931666749,0.21075296333422913,NN_max,1.236714805
C15,Cabral,14,7,7,0.19312446459091986,1.4103775047420293,16.92188263280695,0.0755399518434771,0.01898009599402885,0.21989870770606657,0.4297736931666749,0.21075296333422913,silicate_max,2.39
C15,Cabral,14,7,7,0.19312446459091986,1.4103775047420293,16.92188263280695,0.0755399518434771,0.01898009599402885,0.21989870770606657,0.4297736931666749,0.21075296333422913,ammonia_max,0.774708485
C16,Cabral,10,3,7,0.31251869509296354,0.8264552382734136,23.34045728136358,0.082687142095885,0.01653485184336898,0.1502186057879679,2.1223297320188577,0.3415430889261362,sal_max,36.7
C16,Cabral,10,3,7,0.31251869509296354,0.8264552382734136,23.34045728136358,0.082687142095885,0.01653485184336898,0.1502186057879679,2.1223297320188577,0.3415430889261362,temp_max,29.2
C16,Cabral,10,3,7,0.31251869509296354,0.8264552382734136,23.34045728136358,0.082687142095885,0.01653485184336898,0.1502186057879679,2.1223297320188577,0.3415430889261362,TA_max,2352.743261
C16,Cabral,10,3,7,0.31251869509296354,0.8264552382734136,23.34045728136358,0.082687142095885,0.01653485184336898,0.1502186057879679,2.1223297320188577,0.3415430889261362,pH_max,8.082047534490528
C16,Cabral,10,3,7,0.31251869509296354,0.8264552382734136,23.34045728136358,0.082687142095885,0.01653485184336898,0.1502186057879679,2.1223297320188577,0.3415430889261362,phos_max,0.217316469
C16,Cabral,10,3,7,0.31251869509296354,0.8264552382734136,23.34045728136358,0.082687142095885,0.01653485184336898,0.1502186057879679,2.1223297320188577,0.3415430889261362,NN_max,0.732318774
C16,Cabral,10,3,7,0.31251869509296354,0.8264552382734136,23.34045728136358,0.082687142095885,0.01653485184336898,0.1502186057879679,2.1223297320188577,0.3415430889261362,silicate_max,8.53
C16,Cabral,10,3,7,0.31251869509296354,0.8264552382734136,23.34045728136358,0.082687142095885,0.01653485184336898,0.1502186057879679,2.1223297320188577,0.3415430889261362,ammonia_max,1.01
C17,Cabral,42,29,13,0.2106511643534834,0.8661750626348201,30.283807319937754,0.0682939058170638,0.0418087292818985,0.11929428188839239,1.8828682093733211,0.37382896408470057,sal_max,36.61
C17,Cabral,42,29,13,0.2106511643534834,0.8661750626348201,30.283807319937754,0.0682939058170638,0.0418087292818985,0.11929428188839239,1.8828682093733211,0.37382896408470057,temp_max,29.26
C17,Cabral,42,29,13,0.2106511643534834,0.8661750626348201,30.283807319937754,0.0682939058170638,0.0418087292818985,0.11929428188839239,1.8828682093733211,0.37382896408470057,TA_max,2347.220464
C17,Cabral,42,29,13,0.2106511643534834,0.8661750626348201,30.283807319937754,0.0682939058170638,0.0418087292818985,0.11929428188839239,1.8828682093733211,0.37382896408470057,pH_max,8.077316411328644
C17,Cabral,42,29,13,0.2106511643534834,0.8661750626348201,30.283807319937754,0.0682939058170638,0.0418087292818985,0.11929428188839239,1.8828682093733211,0.37382896408470057,phos_max,0.26
C17,Cabral,42,29,13,0.2106511643534834,0.8661750626348201,30.283807319937754,0.0682939058170638,0.0418087292818985,0.11929428188839239,1.8828682093733211,0.37382896408470057,NN_max,0.530171957
C17,Cabral,42,29,13,0.2106511643534834,0.8661750626348201,30.283807319937754,0.0682939058170638,0.0418087292818985,0.11929428188839239,1.8828682093733211,0.37382896408470057,silicate_max,8.92
C17,Cabral,42,29,13,0.2106511643534834,0.8661750626348201,30.283807319937754,0.0682939058170638,0.0418087292818985,0.11929428188839239,1.8828682093733211,0.37382896408470057,ammonia_max,1.263361642
C18,Cabral,2,1,1,0.2015375679726929,0.6378854333553609,17.752631697053182,0.04407304380596662,0.025358856180217115,0.2070276278482238,1.0385753143742504,0.32604419312672606,sal_max,36.63
C18,Cabral,2,1,1,0.2015375679726929,0.6378854333553609,17.752631697053182,0.04407304380596662,0.025358856180217115,0.2070276278482238,1.0385753143742504,0.32604419312672606,temp_max,28.89
C18,Cabral,2,1,1,0.2015375679726929,0.6378854333553609,17.752631697053182,0.04407304380596662,0.025358856180217115,0.2070276278482238,1.0385753143742504,0.32604419312672606,TA_max,2358.186363
C18,Cabral,2,1,1,0.2015375679726929,0.6378854333553609,17.752631697053182,0.04407304380596662,0.025358856180217115,0.2070276278482238,1.0385753143742504,0.32604419312672606,pH_max,8.060575455
C18,Cabral,2,1,1,0.2015375679726929,0.6378854333553609,17.752631697053182,0.04407304380596662,0.025358856180217115,0.2070276278482238,1.0385753143742504,0.32604419312672606,phos_max,0.263230402
C18,Cabral,2,1,1,0.2015375679726929,0.6378854333553609,17.752631697053182,0.04407304380596662,0.025358856180217115,0.2070276278482238,1.0385753143742504,0.32604419312672606,NN_max,1.167508209
C18,Cabral,2,1,1,0.2015375679726929,0.6378854333553609,17.752631697053182,0.04407304380596662,0.025358856180217115,0.2070276278482238,1.0385753143742504,0.32604419312672606,silicate_max,4.33
C18,Cabral,2,1,1,0.2015375679726929,0.6378854333553609,17.752631697053182,0.04407304380596662,0.025358856180217115,0.2070276278482238,1.0385753143742504,0.32604419312672606,ammonia_max,1.09709865
C19,Cabral,0,0,0,0.1718015159117212,0.5338768177414517,23.50704385650182,0.05227892429975655,0.027183843159483204,0.16509256072520861,1.0197735218602377,0.2145480299364343,sal_max,36.63
C19,Cabral,0,0,0,0.1718015159117212,0.5338768177414517,23.50704385650182,0.05227892429975655,0.027183843159483204,0.16509256072520861,1.0197735218602377,0.2145480299364343,temp_max,27.66
C19,Cabral,0,0,0,0.1718015159117212,0.5338768177414517,23.50704385650182,0.05227892429975655,0.027183843159483204,0.16509256072520861,1.0197735218602377,0.2145480299364343,TA_max,2377.895232
C19,Cabral,0,0,0,0.1718015159117212,0.5338768177414517,23.50704385650182,0.05227892429975655,0.027183843159483204,0.16509256072520861,1.0197735218602377,0.2145480299364343,pH_max,8.102933379
C19,Cabral,0,0,0,0.1718015159117212,0.5338768177414517,23.50704385650182,0.05227892429975655,0.027183843159483204,0.16509256072520861,1.0197735218602377,0.2145480299364343,phos_max,0.278201348
C19,Cabral,0,0,0,0.1718015159117212,0.5338768177414517,23.50704385650182,0.05227892429975655,0.027183843159483204,0.16509256072520861,1.0197735218602377,0.2145480299364343,NN_max,1.118251474
C19,Cabral,0,0,0,0.1718015159117212,0.5338768177414517,23.50704385650182,0.05227892429975655,0.027183843159483204,0.16509256072520861,1.0197735218602377,0.2145480299364343,silicate_max,3.88
C19,Cabral,0,0,0,0.1718015159117212,0.5338768177414517,23.50704385650182,0.05227892429975655,0.027183843159483204,0.16509256072520861,1.0197735218602377,0.2145480299364343,ammonia_max,0.821060592
C2,Cabral,15,11,4,0.24669665407223293,1.2784869198970428,37.89313982975093,0.09300569692427536,0.025382939423479512,0.14468492069861358,4.786610402939046,0.20237874276576232,sal_max,36.65
C2,Cabral,15,11,4,0.24669665407223293,1.2784869198970428,37.89313982975093,0.09300569692427536,0.025382939423479512,0.14468492069861358,4.786610402939046,0.20237874276576232,temp_max,30.02
C2,Cabral,15,11,4,0.24669665407223293,1.2784869198970428,37.89313982975093,0.09300569692427536,0.025382939423479512,0.14468492069861358,4.786610402939046,0.20237874276576232,TA_max,2370.08551
C2,Cabral,15,11,4,0.24669665407223293,1.2784869198970428,37.89313982975093,0.09300569692427536,0.025382939423479512,0.14468492069861358,4.786610402939046,0.20237874276576232,pH_max,8.081071135628202
C2,Cabral,15,11,4,0.24669665407223293,1.2784869198970428,37.89313982975093,0.09300569692427536,0.025382939423479512,0.14468492069861358,4.786610402939046,0.20237874276576232,phos_max,0.23
C2,Cabral,15,11,4,0.24669665407223293,1.2784869198970428,37.89313982975093,0.09300569692427536,0.025382939423479512,0.14468492069861358,4.786610402939046,0.20237874276576232,NN_max,0.764803503
C2,Cabral,15,11,4,0.24669665407223293,1.2784869198970428,37.89313982975093,0.09300569692427536,0.025382939423479512,0.14468492069861358,4.786610402939046,0.20237874276576232,silicate_max,15.83
C2,Cabral,15,11,4,0.24669665407223293,1.2784869198970428,37.89313982975093,0.09300569692427536,0.025382939423479512,0.14468492069861358,4.786610402939046,0.20237874276576232,ammonia_max,0.62579999
C20,Cabral,146,68,78,0.19882945499576413,0.9150472190239568,39.279271989203934,0.0681841133635196,0.030311167520470694,0.13394883438698083,1.3394393119445671,0.24097535151515245,sal_max,36.55
C20,Cabral,146,68,78,0.19882945499576413,0.9150472190239568,39.279271989203934,0.0681841133635196,0.030311167520470694,0.13394883438698083,1.3394393119445671,0.24097535151515245,temp_max,29.41
C20,Cabral,146,68,78,0.19882945499576413,0.9150472190239568,39.279271989203934,0.0681841133635196,0.030311167520470694,0.13394883438698083,1.3394393119445671,0.24097535151515245,TA_max,2358.638678
C20,Cabral,146,68,78,0.19882945499576413,0.9150472190239568,39.279271989203934,0.0681841133635196,0.030311167520470694,0.13394883438698083,1.3394393119445671,0.24097535151515245,pH_max,8.057018704
C20,Cabral,146,68,78,0.19882945499576413,0.9150472190239568,39.279271989203934,0.0681841133635196,0.030311167520470694,0.13394883438698083,1.3394393119445671,0.24097535151515245,phos_max,0.22
C20,Cabral,146,68,78,0.19882945499576413,0.9150472190239568,39.279271989203934,0.0681841133635196,0.030311167520470694,0.13394883438698083,1.3394393119445671,0.24097535151515245,NN_max,0.66
C20,Cabral,146,68,78,0.19882945499576413,0.9150472190239568,39.279271989203934,0.0681841133635196,0.030311167520470694,0.13394883438698083,1.3394393119445671,0.24097535151515245,silicate_max,6.38
C20,Cabral,146,68,78,0.19882945499576413,0.9150472190239568,39.279271989203934,0.0681841133635196,0.030311167520470694,0.13394883438698083,1.3394393119445671,0.24097535151515245,ammonia_max,0.880452934
C3,Cabral,1,0,1,0.23459956632896647,0.37347079508658865,14.124386886206686,0.07190376862751593,0.02779284694846196,0.24715155372232253,1.303973489629456,0.2420227680431095,sal_max,36.69
C3,Cabral,1,0,1,0.23459956632896647,0.37347079508658865,14.124386886206686,0.07190376862751593,0.02779284694846196,0.24715155372232253,1.303973489629456,0.2420227680431095,temp_max,27.96
C3,Cabral,1,0,1,0.23459956632896647,0.37347079508658865,14.124386886206686,0.07190376862751593,0.02779284694846196,0.24715155372232253,1.303973489629456,0.2420227680431095,TA_max,2342.446091
C3,Cabral,1,0,1,0.23459956632896647,0.37347079508658865,14.124386886206686,0.07190376862751593,0.02779284694846196,0.24715155372232253,1.303973489629456,0.2420227680431095,pH_max,8.06227151167327
C3,Cabral,1,0,1,0.23459956632896647,0.37347079508658865,14.124386886206686,0.07190376862751593,0.02779284694846196,0.24715155372232253,1.303973489629456,0.2420227680431095,phos_max,0.28
C3,Cabral,1,0,1,0.23459956632896647,0.37347079508658865,14.124386886206686,0.07190376862751593,0.02779284694846196,0.24715155372232253,1.303973489629456,0.2420227680431095,NN_max,1.19186229
C3,Cabral,1,0,1,0.23459956632896647,0.37347079508658865,14.124386886206686,0.07190376862751593,0.02779284694846196,0.24715155372232253,1.303973489629456,0.2420227680431095,silicate_max,5.39
C3,Cabral,1,0,1,0.23459956632896647,0.37347079508658865,14.124386886206686,0.07190376862751593,0.02779284694846196,0.24715155372232253,1.303973489629456,0.2420227680431095,ammonia_max,0.793396057
C4,Cabral,2,0,2,0.20282783446751737,0.8580580323943843,19.70523260265536,0.07402782680990126,0.04036800950535042,0.14656917559710944,1.7305320556064288,0.27406882570520524,sal_max,36.53
C4,Cabral,2,0,2,0.20282783446751737,0.8580580323943843,19.70523260265536,0.07402782680990126,0.04036800950535042,0.14656917559710944,1.7305320556064288,0.27406882570520524,temp_max,30.16
C4,Cabral,2,0,2,0.20282783446751737,0.8580580323943843,19.70523260265536,0.07402782680990126,0.04036800950535042,0.14656917559710944,1.7305320556064288,0.27406882570520524,TA_max,2332.179498
C4,Cabral,2,0,2,0.20282783446751737,0.8580580323943843,19.70523260265536,0.07402782680990126,0.04036800950535042,0.14656917559710944,1.7305320556064288,0.27406882570520524,pH_max,8.04322766
C4,Cabral,2,0,2,0.20282783446751737,0.8580580323943843,19.70523260265536,0.07402782680990126,0.04036800950535042,0.14656917559710944,1.7305320556064288,0.27406882570520524,phos_max,0.23306099
C4,Cabral,2,0,2,0.20282783446751737,0.8580580323943843,19.70523260265536,0.07402782680990126,0.04036800950535042,0.14656917559710944,1.7305320556064288,0.27406882570520524,NN_max,0.52
C4,Cabral,2,0,2,0.20282783446751737,0.8580580323943843,19.70523260265536,0.07402782680990126,0.04036800950535042,0.14656917559710944,1.7305320556064288,0.27406882570520524,silicate_max,8.33
C4,Cabral,2,0,2,0.20282783446751737,0.8580580323943843,19.70523260265536,0.07402782680990126,0.04036800950535042,0.14656917559710944,1.7305320556064288,0.27406882570520524,ammonia_max,0.912638604
C5,Cabral,6,6,0,0.22919993170952688,1.3455427626377972,20.832415142091115,0.0676340003820324,0.03329847218135043,0.1945936060294644,1.9374964618931527,0.4033704904175559,sal_max,36.55
C5,Cabral,6,6,0,0.22919993170952688,1.3455427626377972,20.832415142091115,0.0676340003820324,0.03329847218135043,0.1945936060294644,1.9374964618931527,0.4033704904175559,temp_max,30.31
C5,Cabral,6,6,0,0.22919993170952688,1.3455427626377972,20.832415142091115,0.0676340003820324,0.03329847218135043,0.1945936060294644,1.9374964618931527,0.4033704904175559,TA_max,2338.53947
C5,Cabral,6,6,0,0.22919993170952688,1.3455427626377972,20.832415142091115,0.0676340003820324,0.03329847218135043,0.1945936060294644,1.9374964618931527,0.4033704904175559,pH_max,8.061787385463742
C5,Cabral,6,6,0,0.22919993170952688,1.3455427626377972,20.832415142091115,0.0676340003820324,0.03329847218135043,0.1945936060294644,1.9374964618931527,0.4033704904175559,phos_max,0.23
C5,Cabral,6,6,0,0.22919993170952688,1.3455427626377972,20.832415142091115,0.0676340003820324,0.03329847218135043,0.1945936060294644,1.9374964618931527,0.4033704904175559,NN_max,0.639454822
C5,Cabral,6,6,0,0.22919993170952688,1.3455427626377972,20.832415142091115,0.0676340003820324,0.03329847218135043,0.1945936060294644,1.9374964618931527,0.4033704904175559,silicate_max,8.28
C5,Cabral,6,6,0,0.22919993170952688,1.3455427626377972,20.832415142091115,0.0676340003820324,0.03329847218135043,0.1945936060294644,1.9374964618931527,0.4033704904175559,ammonia_max,1.135152426
C6,Cabral,18,9,9,0.18186981727263737,1.047593515593259,15.044652913112182,0.03181023523452509,0.0510348636825137,0.2404728704995767,0.3101286472617905,0.1769379401688617,sal_max,36.67
C6,Cabral,18,9,9,0.18186981727263737,1.047593515593259,15.044652913112182,0.03181023523452509,0.0510348636825137,0.2404728704995767,0.3101286472617905,0.1769379401688617,temp_max,29.66
C6,Cabral,18,9,9,0.18186981727263737,1.047593515593259,15.044652913112182,0.03181023523452509,0.0510348636825137,0.2404728704995767,0.3101286472617905,0.1769379401688617,TA_max,2361.357736
C6,Cabral,18,9,9,0.18186981727263737,1.047593515593259,15.044652913112182,0.03181023523452509,0.0510348636825137,0.2404728704995767,0.3101286472617905,0.1769379401688617,pH_max,8.047546339638306
C6,Cabral,18,9,9,0.18186981727263737,1.047593515593259,15.044652913112182,0.03181023523452509,0.0510348636825137,0.2404728704995767,0.3101286472617905,0.1769379401688617,phos_max,0.223596076
C6,Cabral,18,9,9,0.18186981727263737,1.047593515593259,15.044652913112182,0.03181023523452509,0.0510348636825137,0.2404728704995767,0.3101286472617905,0.1769379401688617,NN_max,0.730729847
C6,Cabral,18,9,9,0.18186981727263737,1.047593515593259,15.044652913112182,0.03181023523452509,0.0510348636825137,0.2404728704995767,0.3101286472617905,0.1769379401688617,silicate_max,1.91
C6,Cabral,18,9,9,0.18186981727263737,1.047593515593259,15.044652913112182,0.03181023523452509,0.0510348636825137,0.2404728704995767,0.3101286472617905,0.1769379401688617,ammonia_max,0.599376603
C7,Cabral,8,5,3,0.14752866122334593,1.1140136761226205,24.547732703083557,0.0424156833652737,0.01889742054525867,0.09343932274175233,1.1310334476334407,0.14641579838092075,sal_max,36.61
C7,Cabral,8,5,3,0.14752866122334593,1.1140136761226205,24.547732703083557,0.0424156833652737,0.01889742054525867,0.09343932274175233,1.1310334476334407,0.14641579838092075,temp_max,29.87
C7,Cabral,8,5,3,0.14752866122334593,1.1140136761226205,24.547732703083557,0.0424156833652737,0.01889742054525867,0.09343932274175233,1.1310334476334407,0.14641579838092075,TA_max,2359.80233
C7,Cabral,8,5,3,0.14752866122334593,1.1140136761226205,24.547732703083557,0.0424156833652737,0.01889742054525867,0.09343932274175233,1.1310334476334407,0.14641579838092075,pH_max,8.061058347292269
C7,Cabral,8,5,3,0.14752866122334593,1.1140136761226205,24.547732703083557,0.0424156833652737,0.01889742054525867,0.09343932274175233,1.1310334476334407,0.14641579838092075,phos_max,0.22
C7,Cabral,8,5,3,0.14752866122334593,1.1140136761226205,24.547732703083557,0.0424156833652737,0.01889742054525867,0.09343932274175233,1.1310334476334407,0.14641579838092075,NN_max,0.700540235
C7,Cabral,8,5,3,0.14752866122334593,1.1140136761226205,24.547732703083557,0.0424156833652737,0.01889742054525867,0.09343932274175233,1.1310334476334407,0.14641579838092075,silicate_max,4.329135355
C7,Cabral,8,5,3,0.14752866122334593,1.1140136761226205,24.547732703083557,0.0424156833652737,0.01889742054525867,0.09343932274175233,1.1310334476334407,0.14641579838092075,ammonia_max,0.641460997
C8,Cabral,9,4,5,0.19654073590369245,0.751371571947219,23.56431216084925,0.06253040205043389,0.024770029623683663,0.10494872392313354,1.242482331552305,0.46275488030816053,sal_max,36.54
C8,Cabral,9,4,5,0.19654073590369245,0.751371571947219,23.56431216084925,0.06253040205043389,0.024770029623683663,0.10494872392313354,1.242482331552305,0.46275488030816053,temp_max,29.42
C8,Cabral,9,4,5,0.19654073590369245,0.751371571947219,23.56431216084925,0.06253040205043389,0.024770029623683663,0.10494872392313354,1.242482331552305,0.46275488030816053,TA_max,2344.863916
C8,Cabral,9,4,5,0.19654073590369245,0.751371571947219,23.56431216084925,0.06253040205043389,0.024770029623683663,0.10494872392313354,1.242482331552305,0.46275488030816053,pH_max,8.066410568654517
C8,Cabral,9,4,5,0.19654073590369245,0.751371571947219,23.56431216084925,0.06253040205043389,0.024770029623683663,0.10494872392313354,1.242482331552305,0.46275488030816053,phos_max,0.23
C8,Cabral,9,4,5,0.19654073590369245,0.751371571947219,23.56431216084925,0.06253040205043389,0.024770029623683663,0.10494872392313354,1.242482331552305,0.46275488030816053,NN_max,0.632657745
C8,Cabral,9,4,5,0.19654073590369245,0.751371571947219,23.56431216084925,0.06253040205043389,0.024770029623683663,0.10494872392313354,1.242482331552305,0.46275488030816053,silicate_max,6.2
C8,Cabral,9,4,5,0.19654073590369245,0.751371571947219,23.56431216084925,0.06253040205043389,0.024770029623683663,0.10494872392313354,1.242482331552305,0.46275488030816053,ammonia_max,1.471531206
C9,Cabral,3,1,2,0.1424570873601252,0.4958720908004227,29.75118214432683,0.06477838529317365,0.024321974722863432,0.14507159551565574,1.8083004755036183,0.1820212723182056,sal_max,36.6
C9,Cabral,3,1,2,0.1424570873601252,0.4958720908004227,29.75118214432683,0.06477838529317365,0.024321974722863432,0.14507159551565574,1.8083004755036183,0.1820212723182056,temp_max,28.64
C9,Cabral,3,1,2,0.1424570873601252,0.4958720908004227,29.75118214432683,0.06477838529317365,0.024321974722863432,0.14507159551565574,1.8083004755036183,0.1820212723182056,TA_max,2347.298415
C9,Cabral,3,1,2,0.1424570873601252,0.4958720908004227,29.75118214432683,0.06477838529317365,0.024321974722863432,0.14507159551565574,1.8083004755036183,0.1820212723182056,pH_max,8.067012629709941
C9,Cabral,3,1,2,0.1424570873601252,0.4958720908004227,29.75118214432683,0.06477838529317365,0.024321974722863432,0.14507159551565574,1.8083004755036183,0.1820212723182056,phos_max,0.25
C9,Cabral,3,1,2,0.1424570873601252,0.4958720908004227,29.75118214432683,0.06477838529317365,0.024321974722863432,0.14507159551565574,1.8083004755036183,0.1820212723182056,NN_max,0.744765368
C9,Cabral,3,1,2,0.1424570873601252,0.4958720908004227,29.75118214432683,0.06477838529317365,0.024321974722863432,0.14507159551565574,1.8083004755036183,0.1820212723182056,silicate_max,6.209320204
C9,Cabral,3,1,2,0.1424570873601252,0.4958720908004227,29.75118214432683,0.06477838529317365,0.024321974722863432,0.14507159551565574,1.8083004755036183,0.1820212723182056,ammonia_max,0.577978764
V1,Varari,93,71,22,0.14920987553282763,0.7257368818925564,20.24916125124616,0.05837566936594602,0.029148930330634298,0.21411559133684882,1.6266968139907432,0.19670174933573956,sal_max,36.67
V1,Varari,93,71,22,0.14920987553282763,0.7257368818925564,20.24916125124616,0.05837566936594602,0.029148930330634298,0.21411559133684882,1.6266968139907432,0.19670174933573956,temp_max,29.3
V1,Varari,93,71,22,0.14920987553282763,0.7257368818925564,20.24916125124616,0.05837566936594602,0.029148930330634298,0.21411559133684882,1.6266968139907432,0.19670174933573956,TA_max,2377.029989
V1,Varari,93,71,22,0.14920987553282763,0.7257368818925564,20.24916125124616,0.05837566936594602,0.029148930330634298,0.21411559133684882,1.6266968139907432,0.19670174933573956,pH_max,8.065993322640152
V1,Varari,93,71,22,0.14920987553282763,0.7257368818925564,20.24916125124616,0.05837566936594602,0.029148930330634298,0.21411559133684882,1.6266968139907432,0.19670174933573956,phos_max,0.23
V1,Varari,93,71,22,0.14920987553282763,0.7257368818925564,20.24916125124616,0.05837566936594602,0.029148930330634298,0.21411559133684882,1.6266968139907432,0.19670174933573956,NN_max,0.84
V1,Varari,93,71,22,0.14920987553282763,0.7257368818925564,20.24916125124616,0.05837566936594602,0.029148930330634298,0.21411559133684882,1.6266968139907432,0.19670174933573956,silicate_max,5.11
V1,Varari,93,71,22,0.14920987553282763,0.7257368818925564,20.24916125124616,0.05837566936594602,0.029148930330634298,0.21411559133684882,1.6266968139907432,0.19670174933573956,ammonia_max,0.828499422
V10,Varari,62,41,21,0.1288009080443281,0.9035148756023792,21.786679364599358,0.04670649023017969,0.036948166584594856,0.225385894849575,0.8854945371081735,0.08333270957200392,sal_max,36.61
V10,Varari,62,41,21,0.1288009080443281,0.9035148756023792,21.786679364599358,0.04670649023017969,0.036948166584594856,0.225385894849575,0.8854945371081735,0.08333270957200392,temp_max,29.51
V10,Varari,62,41,21,0.1288009080443281,0.9035148756023792,21.786679364599358,0.04670649023017969,0.036948166584594856,0.225385894849575,0.8854945371081735,0.08333270957200392,TA_max,2370.347295
V10,Varari,62,41,21,0.1288009080443281,0.9035148756023792,21.786679364599358,0.04670649023017969,0.036948166584594856,0.225385894849575,0.8854945371081735,0.08333270957200392,pH_max,8.073040793958357
V10,Varari,62,41,21,0.1288009080443281,0.9035148756023792,21.786679364599358,0.04670649023017969,0.036948166584594856,0.225385894849575,0.8854945371081735,0.08333270957200392,phos_max,0.22
V10,Varari,62,41,21,0.1288009080443281,0.9035148756023792,21.786679364599358,0.04670649023017969,0.036948166584594856,0.225385894849575,0.8854945371081735,0.08333270957200392,NN_max,0.65
V10,Varari,62,41,21,0.1288009080443281,0.9035148756023792,21.786679364599358,0.04670649023017969,0.036948166584594856,0.225385894849575,0.8854945371081735,0.08333270957200392,silicate_max,3.66
V10,Varari,62,41,21,0.1288009080443281,0.9035148756023792,21.786679364599358,0.04670649023017969,0.036948166584594856,0.225385894849575,0.8854945371081735,0.08333270957200392,ammonia_max,0.43
V11,Varari,58,43,15,0.15732132722552425,0.7764635549553589,25.962293085721036,0.04421744362559734,0.03244999043549908,0.29007315147452134,2.2625660219957884,0.27223109262098155,sal_max,36.63
V11,Varari,58,43,15,0.15732132722552425,0.7764635549553589,25.962293085721036,0.04421744362559734,0.03244999043549908,0.29007315147452134,2.2625660219957884,0.27223109262098155,temp_max,29.3
V11,Varari,58,43,15,0.15732132722552425,0.7764635549553589,25.962293085721036,0.04421744362559734,0.03244999043549908,0.29007315147452134,2.2625660219957884,0.27223109262098155,TA_max,2401.863591
V11,Varari,58,43,15,0.15732132722552425,0.7764635549553589,25.962293085721036,0.04421744362559734,0.03244999043549908,0.29007315147452134,2.2625660219957884,0.27223109262098155,pH_max,8.05364284248099
V11,Varari,58,43,15,0.15732132722552425,0.7764635549553589,25.962293085721036,0.04421744362559734,0.03244999043549908,0.29007315147452134,2.2625660219957884,0.27223109262098155,phos_max,0.23
V11,Varari,58,43,15,0.15732132722552425,0.7764635549553589,25.962293085721036,0.04421744362559734,0.03244999043549908,0.29007315147452134,2.2625660219957884,0.27223109262098155,NN_max,1.11
V11,Varari,58,43,15,0.15732132722552425,0.7764635549553589,25.962293085721036,0.04421744362559734,0.03244999043549908,0.29007315147452134,2.2625660219957884,0.27223109262098155,silicate_max,7.61
V11,Varari,58,43,15,0.15732132722552425,0.7764635549553589,25.962293085721036,0.04421744362559734,0.03244999043549908,0.29007315147452134,2.2625660219957884,0.27223109262098155,ammonia_max,1.02
V12,Varari,131,119,12,0.13323116556669776,0.7748144939274174,11.410217218319463,0.0418419526018117,0.041084499273265906,0.22731156019814308,1.0907799591616856,0.19982578604701767,sal_max,36.63
V12,Varari,131,119,12,0.13323116556669776,0.7748144939274174,11.410217218319463,0.0418419526018117,0.041084499273265906,0.22731156019814308,1.0907799591616856,0.19982578604701767,temp_max,29.38
V12,Varari,131,119,12,0.13323116556669776,0.7748144939274174,11.410217218319463,0.0418419526018117,0.041084499273265906,0.22731156019814308,1.0907799591616856,0.19982578604701767,TA_max,2373.605395
V12,Varari,131,119,12,0.13323116556669776,0.7748144939274174,11.410217218319463,0.0418419526018117,0.041084499273265906,0.22731156019814308,1.0907799591616856,0.19982578604701767,pH_max,8.058605818414089
V12,Varari,131,119,12,0.13323116556669776,0.7748144939274174,11.410217218319463,0.0418419526018117,0.041084499273265906,0.22731156019814308,1.0907799591616856,0.19982578604701767,phos_max,0.24
V12,Varari,131,119,12,0.13323116556669776,0.7748144939274174,11.410217218319463,0.0418419526018117,0.041084499273265906,0.22731156019814308,1.0907799591616856,0.19982578604701767,NN_max,0.75
V12,Varari,131,119,12,0.13323116556669776,0.7748144939274174,11.410217218319463,0.0418419526018117,0.041084499273265906,0.22731156019814308,1.0907799591616856,0.19982578604701767,silicate_max,4.18
V12,Varari,131,119,12,0.13323116556669776,0.7748144939274174,11.410217218319463,0.0418419526018117,0.041084499273265906,0.22731156019814308,1.0907799591616856,0.19982578604701767,ammonia_max,0.76
V13,Varari,8,4,4,0.07566013826143249,0.8481043439700502,15.610686630695406,0.05077389415782927,0.038507945491610074,0.17424799461717938,0.26780568154037027,0.5039168317934648,sal_max,36.6
V13,Varari,8,4,4,0.07566013826143249,0.8481043439700502,15.610686630695406,0.05077389415782927,0.038507945491610074,0.17424799461717938,0.26780568154037027,0.5039168317934648,temp_max,29.43
V13,Varari,8,4,4,0.07566013826143249,0.8481043439700502,15.610686630695406,0.05077389415782927,0.038507945491610074,0.17424799461717938,0.26780568154037027,0.5039168317934648,TA_max,2381.363434
V13,Varari,8,4,4,0.07566013826143249,0.8481043439700502,15.610686630695406,0.05077389415782927,0.038507945491610074,0.17424799461717938,0.26780568154037027,0.5039168317934648,pH_max,8.070331980923482
V13,Varari,8,4,4,0.07566013826143249,0.8481043439700502,15.610686630695406,0.05077389415782927,0.038507945491610074,0.17424799461717938,0.26780568154037027,0.5039168317934648,phos_max,0.24
V13,Varari,8,4,4,0.07566013826143249,0.8481043439700502,15.610686630695406,0.05077389415782927,0.038507945491610074,0.17424799461717938,0.26780568154037027,0.5039168317934648,NN_max,0.59
V13,Varari,8,4,4,0.07566013826143249,0.8481043439700502,15.610686630695406,0.05077389415782927,0.038507945491610074,0.17424799461717938,0.26780568154037027,0.5039168317934648,silicate_max,1.89
V13,Varari,8,4,4,0.07566013826143249,0.8481043439700502,15.610686630695406,0.05077389415782927,0.038507945491610074,0.17424799461717938,0.26780568154037027,0.5039168317934648,ammonia_max,1.689881996
V14,Varari,2,0,2,0.10372675224084994,0.8635065015741743,25.754755899037747,0.05475428009619663,0.035861050316096606,0.15834742154626452,0.723414222545592,0.15075061291784894,sal_max,36.57
V14,Varari,2,0,2,0.10372675224084994,0.8635065015741743,25.754755899037747,0.05475428009619663,0.035861050316096606,0.15834742154626452,0.723414222545592,0.15075061291784894,temp_max,29.4
V14,Varari,2,0,2,0.10372675224084994,0.8635065015741743,25.754755899037747,0.05475428009619663,0.035861050316096606,0.15834742154626452,0.723414222545592,0.15075061291784894,TA_max,2382.973932
V14,Varari,2,0,2,0.10372675224084994,0.8635065015741743,25.754755899037747,0.05475428009619663,0.035861050316096606,0.15834742154626452,0.723414222545592,0.15075061291784894,pH_max,8.093790972368412
V14,Varari,2,0,2,0.10372675224084994,0.8635065015741743,25.754755899037747,0.05475428009619663,0.035861050316096606,0.15834742154626452,0.723414222545592,0.15075061291784894,phos_max,0.23
V14,Varari,2,0,2,0.10372675224084994,0.8635065015741743,25.754755899037747,0.05475428009619663,0.035861050316096606,0.15834742154626452,0.723414222545592,0.15075061291784894,NN_max,0.6
V14,Varari,2,0,2,0.10372675224084994,0.8635065015741743,25.754755899037747,0.05475428009619663,0.035861050316096606,0.15834742154626452,0.723414222545592,0.15075061291784894,silicate_max,3.66
V14,Varari,2,0,2,0.10372675224084994,0.8635065015741743,25.754755899037747,0.05475428009619663,0.035861050316096606,0.15834742154626452,0.723414222545592,0.15075061291784894,ammonia_max,0.69
V15,Varari,33,26,7,0.13702586236372294,0.8638349782019806,22.610776083618436,0.047933363847473584,0.04201730315487615,0.272657449924387,2.302561208603086,0.4011950191990254,sal_max,36.59
V15,Varari,33,26,7,0.13702586236372294,0.8638349782019806,22.610776083618436,0.047933363847473584,0.04201730315487615,0.272657449924387,2.302561208603086,0.4011950191990254,temp_max,29.4
V15,Varari,33,26,7,0.13702586236372294,0.8638349782019806,22.610776083618436,0.047933363847473584,0.04201730315487615,0.272657449924387,2.302561208603086,0.4011950191990254,TA_max,2376.479103
V15,Varari,33,26,7,0.13702586236372294,0.8638349782019806,22.610776083618436,0.047933363847473584,0.04201730315487615,0.272657449924387,2.302561208603086,0.4011950191990254,pH_max,8.062723405526853
V15,Varari,33,26,7,0.13702586236372294,0.8638349782019806,22.610776083618436,0.047933363847473584,0.04201730315487615,0.272657449924387,2.302561208603086,0.4011950191990254,phos_max,0.28
V15,Varari,33,26,7,0.13702586236372294,0.8638349782019806,22.610776083618436,0.047933363847473584,0.04201730315487615,0.272657449924387,2.302561208603086,0.4011950191990254,NN_max,1.08
V15,Varari,33,26,7,0.13702586236372294,0.8638349782019806,22.610776083618436,0.047933363847473584,0.04201730315487615,0.272657449924387,2.302561208603086,0.4011950191990254,silicate_max,7.61
V15,Varari,33,26,7,0.13702586236372294,0.8638349782019806,22.610776083618436,0.047933363847473584,0.04201730315487615,0.272657449924387,2.302561208603086,0.4011950191990254,ammonia_max,1.451119107
V16,Varari,22,11,11,0.0840419150082921,0.8148716223243783,15.83359355862115,0.044114596103851045,0.031022810399260657,0.1435369615522235,0.26599940873906447,0.20056016883094002,sal_max,36.64
V16,Varari,22,11,11,0.0840419150082921,0.8148716223243783,15.83359355862115,0.044114596103851045,0.031022810399260657,0.1435369615522235,0.26599940873906447,0.20056016883094002,temp_max,29.36
V16,Varari,22,11,11,0.0840419150082921,0.8148716223243783,15.83359355862115,0.044114596103851045,0.031022810399260657,0.1435369615522235,0.26599940873906447,0.20056016883094002,TA_max,2373.334419
V16,Varari,22,11,11,0.0840419150082921,0.8148716223243783,15.83359355862115,0.044114596103851045,0.031022810399260657,0.1435369615522235,0.26599940873906447,0.20056016883094002,pH_max,8.088842451372694
V16,Varari,22,11,11,0.0840419150082921,0.8148716223243783,15.83359355862115,0.044114596103851045,0.031022810399260657,0.1435369615522235,0.26599940873906447,0.20056016883094002,phos_max,0.21
V16,Varari,22,11,11,0.0840419150082921,0.8148716223243783,15.83359355862115,0.044114596103851045,0.031022810399260657,0.1435369615522235,0.26599940873906447,0.20056016883094002,NN_max,0.47
V16,Varari,22,11,11,0.0840419150082921,0.8148716223243783,15.83359355862115,0.044114596103851045,0.031022810399260657,0.1435369615522235,0.26599940873906447,0.20056016883094002,silicate_max,1.469932526
V16,Varari,22,11,11,0.0840419150082921,0.8148716223243783,15.83359355862115,0.044114596103851045,0.031022810399260657,0.1435369615522235,0.26599940873906447,0.20056016883094002,ammonia_max,0.86
V17,Varari,7,3,4,0.2797397859191398,0.8050158653581062,16.191468597791744,0.04748594167576203,0.050281695699147456,0.2599511185428,1.8304809979700938,5.694071074859985,sal_max,37.05
V17,Varari,7,3,4,0.2797397859191398,0.8050158653581062,16.191468597791744,0.04748594167576203,0.050281695699147456,0.2599511185428,1.8304809979700938,5.694071074859985,temp_max,29.28
V17,Varari,7,3,4,0.2797397859191398,0.8050158653581062,16.191468597791744,0.04748594167576203,0.050281695699147456,0.2599511185428,1.8304809979700938,5.694071074859985,TA_max,2368.312777
V17,Varari,7,3,4,0.2797397859191398,0.8050158653581062,16.191468597791744,0.04748594167576203,0.050281695699147456,0.2599511185428,1.8304809979700938,5.694071074859985,pH_max,8.075424710541673
V17,Varari,7,3,4,0.2797397859191398,0.8050158653581062,16.191468597791744,0.04748594167576203,0.050281695699147456,0.2599511185428,1.8304809979700938,5.694071074859985,phos_max,0.29
V17,Varari,7,3,4,0.2797397859191398,0.8050158653581062,16.191468597791744,0.04748594167576203,0.050281695699147456,0.2599511185428,1.8304809979700938,5.694071074859985,NN_max,0.99
V17,Varari,7,3,4,0.2797397859191398,0.8050158653581062,16.191468597791744,0.04748594167576203,0.050281695699147456,0.2599511185428,1.8304809979700938,5.694071074859985,silicate_max,7.39
V17,Varari,7,3,4,0.2797397859191398,0.8050158653581062,16.191468597791744,0.04748594167576203,0.050281695699147456,0.2599511185428,1.8304809979700938,5.694071074859985,ammonia_max,17.11922004
V18,Varari,13,10,3,0.2189550281400861,0.7417008215551952,17.165986016144657,0.04884402009685281,0.05001730656824964,0.29661869469764907,2.906648355513581,1.3446488051170686,sal_max,36.6
V18,Varari,13,10,3,0.2189550281400861,0.7417008215551952,17.165986016144657,0.04884402009685281,0.05001730656824964,0.29661869469764907,2.906648355513581,1.3446488051170686,temp_max,29.07
V18,Varari,13,10,3,0.2189550281400861,0.7417008215551952,17.165986016144657,0.04884402009685281,0.05001730656824964,0.29661869469764907,2.906648355513581,1.3446488051170686,TA_max,2382.01882
V18,Varari,13,10,3,0.2189550281400861,0.7417008215551952,17.165986016144657,0.04884402009685281,0.05001730656824964,0.29661869469764907,2.906648355513581,1.3446488051170686,pH_max,8.06491147928196
V18,Varari,13,10,3,0.2189550281400861,0.7417008215551952,17.165986016144657,0.04884402009685281,0.05001730656824964,0.29661869469764907,2.906648355513581,1.3446488051170686,phos_max,0.31
V18,Varari,13,10,3,0.2189550281400861,0.7417008215551952,17.165986016144657,0.04884402009685281,0.05001730656824964,0.29661869469764907,2.906648355513581,1.3446488051170686,NN_max,1.09
V18,Varari,13,10,3,0.2189550281400861,0.7417008215551952,17.165986016144657,0.04884402009685281,0.05001730656824964,0.29661869469764907,2.906648355513581,1.3446488051170686,silicate_max,7.738904509
V18,Varari,13,10,3,0.2189550281400861,0.7417008215551952,17.165986016144657,0.04884402009685281,0.05001730656824964,0.29661869469764907,2.906648355513581,1.3446488051170686,ammonia_max,4.25986836
V19,Varari,5,2,3,0.11486286719766908,0.9078273753738989,19.099999405595067,0.04680453951694216,0.03750415779743453,0.14871091662029715,0.21401369497857348,0.26380056931444756,sal_max,36.63
V19,Varari,5,2,3,0.11486286719766908,0.9078273753738989,19.099999405595067,0.04680453951694216,0.03750415779743453,0.14871091662029715,0.21401369497857348,0.26380056931444756,temp_max,29.37
V19,Varari,5,2,3,0.11486286719766908,0.9078273753738989,19.099999405595067,0.04680453951694216,0.03750415779743453,0.14871091662029715,0.21401369497857348,0.26380056931444756,TA_max,2370.493179
V19,Varari,5,2,3,0.11486286719766908,0.9078273753738989,19.099999405595067,0.04680453951694216,0.03750415779743453,0.14871091662029715,0.21401369497857348,0.26380056931444756,pH_max,8.09779178367134
V19,Varari,5,2,3,0.11486286719766908,0.9078273753738989,19.099999405595067,0.04680453951694216,0.03750415779743453,0.14871091662029715,0.21401369497857348,0.26380056931444756,phos_max,0.22
V19,Varari,5,2,3,0.11486286719766908,0.9078273753738989,19.099999405595067,0.04680453951694216,0.03750415779743453,0.14871091662029715,0.21401369497857348,0.26380056931444756,NN_max,0.47
V19,Varari,5,2,3,0.11486286719766908,0.9078273753738989,19.099999405595067,0.04680453951694216,0.03750415779743453,0.14871091662029715,0.21401369497857348,0.26380056931444756,silicate_max,1.29
V19,Varari,5,2,3,0.11486286719766908,0.9078273753738989,19.099999405595067,0.04680453951694216,0.03750415779743453,0.14871091662029715,0.21401369497857348,0.26380056931444756,ammonia_max,0.950458716
V2,Varari,96,52,44,0.16199838968603741,0.7124605252222755,11.897144459349278,0.049848276043686496,0.03413576978068539,0.24242108156481768,1.6188052757269282,0.7131072334632079,sal_max,36.64
V2,Varari,96,52,44,0.16199838968603741,0.7124605252222755,11.897144459349278,0.049848276043686496,0.03413576978068539,0.24242108156481768,1.6188052757269282,0.7131072334632079,temp_max,29.32
V2,Varari,96,52,44,0.16199838968603741,0.7124605252222755,11.897144459349278,0.049848276043686496,0.03413576978068539,0.24242108156481768,1.6188052757269282,0.7131072334632079,TA_max,2365.03174
V2,Varari,96,52,44,0.16199838968603741,0.7124605252222755,11.897144459349278,0.049848276043686496,0.03413576978068539,0.24242108156481768,1.6188052757269282,0.7131072334632079,pH_max,8.05555174101946
V2,Varari,96,52,44,0.16199838968603741,0.7124605252222755,11.897144459349278,0.049848276043686496,0.03413576978068539,0.24242108156481768,1.6188052757269282,0.7131072334632079,phos_max,0.26
V2,Varari,96,52,44,0.16199838968603741,0.7124605252222755,11.897144459349278,0.049848276043686496,0.03413576978068539,0.24242108156481768,1.6188052757269282,0.7131072334632079,NN_max,1.05
V2,Varari,96,52,44,0.16199838968603741,0.7124605252222755,11.897144459349278,0.049848276043686496,0.03413576978068539,0.24242108156481768,1.6188052757269282,0.7131072334632079,silicate_max,5.76
V2,Varari,96,52,44,0.16199838968603741,0.7124605252222755,11.897144459349278,0.049848276043686496,0.03413576978068539,0.24242108156481768,1.6188052757269282,0.7131072334632079,ammonia_max,2.4
V20,Varari,4,4,0,0.11595773217933293,0.8330369400442335,18.60526051549644,0.05183896611636064,0.03870147985009983,0.16275207663208285,0.3530342176954396,0.10882671083736468,sal_max,36.66
V20,Varari,4,4,0,0.11595773217933293,0.8330369400442335,18.60526051549644,0.05183896611636064,0.03870147985009983,0.16275207663208285,0.3530342176954396,0.10882671083736468,temp_max,29.4
V20,Varari,4,4,0,0.11595773217933293,0.8330369400442335,18.60526051549644,0.05183896611636064,0.03870147985009983,0.16275207663208285,0.3530342176954396,0.10882671083736468,TA_max,2375.327242
V20,Varari,4,4,0,0.11595773217933293,0.8330369400442335,18.60526051549644,0.05183896611636064,0.03870147985009983,0.16275207663208285,0.3530342176954396,0.10882671083736468,pH_max,8.076786968432812
V20,Varari,4,4,0,0.11595773217933293,0.8330369400442335,18.60526051549644,0.05183896611636064,0.03870147985009983,0.16275207663208285,0.3530342176954396,0.10882671083736468,phos_max,0.27
V20,Varari,4,4,0,0.11595773217933293,0.8330369400442335,18.60526051549644,0.05183896611636064,0.03870147985009983,0.16275207663208285,0.3530342176954396,0.10882671083736468,NN_max,0.61
V20,Varari,4,4,0,0.11595773217933293,0.8330369400442335,18.60526051549644,0.05183896611636064,0.03870147985009983,0.16275207663208285,0.3530342176954396,0.10882671083736468,silicate_max,1.88
V20,Varari,4,4,0,0.11595773217933293,0.8330369400442335,18.60526051549644,0.05183896611636064,0.03870147985009983,0.16275207663208285,0.3530342176954396,0.10882671083736468,ammonia_max,0.465584632
V3,Varari,2,2,0,0.09685777496633266,0.6532577701686476,13.130235974958772,0.055907057720444256,0.0382975673095595,0.20322482625856472,0.9065181043121094,0.12985950751124098,sal_max,36.63
V3,Varari,2,2,0,0.09685777496633266,0.6532577701686476,13.130235974958772,0.055907057720444256,0.0382975673095595,0.20322482625856472,0.9065181043121094,0.12985950751124098,temp_max,29.31
V3,Varari,2,2,0,0.09685777496633266,0.6532577701686476,13.130235974958772,0.055907057720444256,0.0382975673095595,0.20322482625856472,0.9065181043121094,0.12985950751124098,TA_max,2380.835159
V3,Varari,2,2,0,0.09685777496633266,0.6532577701686476,13.130235974958772,0.055907057720444256,0.0382975673095595,0.20322482625856472,0.9065181043121094,0.12985950751124098,pH_max,8.069751700432176
V3,Varari,2,2,0,0.09685777496633266,0.6532577701686476,13.130235974958772,0.055907057720444256,0.0382975673095595,0.20322482625856472,0.9065181043121094,0.12985950751124098,phos_max,0.24
V3,Varari,2,2,0,0.09685777496633266,0.6532577701686476,13.130235974958772,0.055907057720444256,0.0382975673095595,0.20322482625856472,0.9065181043121094,0.12985950751124098,NN_max,0.82
V3,Varari,2,2,0,0.09685777496633266,0.6532577701686476,13.130235974958772,0.055907057720444256,0.0382975673095595,0.20322482625856472,0.9065181043121094,0.12985950751124098,silicate_max,3.38
V3,Varari,2,2,0,0.09685777496633266,0.6532577701686476,13.130235974958772,0.055907057720444256,0.0382975673095595,0.20322482625856472,0.9065181043121094,0.12985950751124098,ammonia_max,0.66846408
V4,Varari,27,17,10,0.07185810292876989,0.7307708854056245,17.49694082863594,0.043181448014279616,0.04535722357078008,0.291432057138402,0.7106091950596021,0.2744221023091614,sal_max,36.65
V4,Varari,27,17,10,0.07185810292876989,0.7307708854056245,17.49694082863594,0.043181448014279616,0.04535722357078008,0.291432057138402,0.7106091950596021,0.2744221023091614,temp_max,29.33
V4,Varari,27,17,10,0.07185810292876989,0.7307708854056245,17.49694082863594,0.043181448014279616,0.04535722357078008,0.291432057138402,0.7106091950596021,0.2744221023091614,TA_max,2369.173633
V4,Varari,27,17,10,0.07185810292876989,0.7307708854056245,17.49694082863594,0.043181448014279616,0.04535722357078008,0.291432057138402,0.7106091950596021,0.2744221023091614,pH_max,8.070973742992923
V4,Varari,27,17,10,0.07185810292876989,0.7307708854056245,17.49694082863594,0.043181448014279616,0.04535722357078008,0.291432057138402,0.7106091950596021,0.2744221023091614,phos_max,0.24
V4,Varari,27,17,10,0.07185810292876989,0.7307708854056245,17.49694082863594,0.043181448014279616,0.04535722357078008,0.291432057138402,0.7106091950596021,0.2744221023091614,NN_max,1.06
V4,Varari,27,17,10,0.07185810292876989,0.7307708854056245,17.49694082863594,0.043181448014279616,0.04535722357078008,0.291432057138402,0.7106091950596021,0.2744221023091614,silicate_max,3.01
V4,Varari,27,17,10,0.07185810292876989,0.7307708854056245,17.49694082863594,0.043181448014279616,0.04535722357078008,0.291432057138402,0.7106091950596021,0.2744221023091614,ammonia_max,1.07
V5,Varari,44,26,18,0.11802726287857743,0.7967433714816838,15.765100858051266,0.04446121073036412,0.03933429098658317,0.2729745195167998,1.5226199790202137,0.14701126835386283,sal_max,36.61
V5,Varari,44,26,18,0.11802726287857743,0.7967433714816838,15.765100858051266,0.04446121073036412,0.03933429098658317,0.2729745195167998,1.5226199790202137,0.14701126835386283,temp_max,29.37
V5,Varari,44,26,18,0.11802726287857743,0.7967433714816838,15.765100858051266,0.04446121073036412,0.03933429098658317,0.2729745195167998,1.5226199790202137,0.14701126835386283,TA_max,2366.352432
V5,Varari,44,26,18,0.11802726287857743,0.7967433714816838,15.765100858051266,0.04446121073036412,0.03933429098658317,0.2729745195167998,1.5226199790202137,0.14701126835386283,pH_max,8.061337258650727
V5,Varari,44,26,18,0.11802726287857743,0.7967433714816838,15.765100858051266,0.04446121073036412,0.03933429098658317,0.2729745195167998,1.5226199790202137,0.14701126835386283,phos_max,0.25
V5,Varari,44,26,18,0.11802726287857743,0.7967433714816838,15.765100858051266,0.04446121073036412,0.03933429098658317,0.2729745195167998,1.5226199790202137,0.14701126835386283,NN_max,1.05
V5,Varari,44,26,18,0.11802726287857743,0.7967433714816838,15.765100858051266,0.04446121073036412,0.03933429098658317,0.2729745195167998,1.5226199790202137,0.14701126835386283,silicate_max,5.43
V5,Varari,44,26,18,0.11802726287857743,0.7967433714816838,15.765100858051266,0.04446121073036412,0.03933429098658317,0.2729745195167998,1.5226199790202137,0.14701126835386283,ammonia_max,0.470025058
V6,Varari,32,18,14,0.09358790334318742,0.6957874019380149,27.60236073712157,0.05131593937282716,0.03207350638536824,0.2340774236888487,1.4502099953570151,0.11238356035247773,sal_max,36.58
V6,Varari,32,18,14,0.09358790334318742,0.6957874019380149,27.60236073712157,0.05131593937282716,0.03207350638536824,0.2340774236888487,1.4502099953570151,0.11238356035247773,temp_max,29.29
V6,Varari,32,18,14,0.09358790334318742,0.6957874019380149,27.60236073712157,0.05131593937282716,0.03207350638536824,0.2340774236888487,1.4502099953570151,0.11238356035247773,TA_max,2415.341749
V6,Varari,32,18,14,0.09358790334318742,0.6957874019380149,27.60236073712157,0.05131593937282716,0.03207350638536824,0.2340774236888487,1.4502099953570151,0.11238356035247773,pH_max,8.059622827798533
V6,Varari,32,18,14,0.09358790334318742,0.6957874019380149,27.60236073712157,0.05131593937282716,0.03207350638536824,0.2340774236888487,1.4502099953570151,0.11238356035247773,phos_max,0.25
V6,Varari,32,18,14,0.09358790334318742,0.6957874019380149,27.60236073712157,0.05131593937282716,0.03207350638536824,0.2340774236888487,1.4502099953570151,0.11238356035247773,NN_max,0.92
V6,Varari,32,18,14,0.09358790334318742,0.6957874019380149,27.60236073712157,0.05131593937282716,0.03207350638536824,0.2340774236888487,1.4502099953570151,0.11238356035247773,silicate_max,5
V6,Varari,32,18,14,0.09358790334318742,0.6957874019380149,27.60236073712157,0.05131593937282716,0.03207350638536824,0.2340774236888487,1.4502099953570151,0.11238356035247773,ammonia_max,0.43
V7,Varari,16,4,12,0.10037785754694246,0.7754178597007279,12.728635214566042,0.05554615408007598,0.034644261079673264,0.25634895039894884,1.4588186538102401,0.17138480973875417,sal_max,36.58
V7,Varari,16,4,12,0.10037785754694246,0.7754178597007279,12.728635214566042,0.05554615408007598,0.034644261079673264,0.25634895039894884,1.4588186538102401,0.17138480973875417,temp_max,29.48
V7,Varari,16,4,12,0.10037785754694246,0.7754178597007279,12.728635214566042,0.05554615408007598,0.034644261079673264,0.25634895039894884,1.4588186538102401,0.17138480973875417,TA_max,2371.959181
V7,Varari,16,4,12,0.10037785754694246,0.7754178597007279,12.728635214566042,0.05554615408007598,0.034644261079673264,0.25634895039894884,1.4588186538102401,0.17138480973875417,pH_max,8.077050143338493
V7,Varari,16,4,12,0.10037785754694246,0.7754178597007279,12.728635214566042,0.05554615408007598,0.034644261079673264,0.25634895039894884,1.4588186538102401,0.17138480973875417,phos_max,0.25
V7,Varari,16,4,12,0.10037785754694246,0.7754178597007279,12.728635214566042,0.05554615408007598,0.034644261079673264,0.25634895039894884,1.4588186538102401,0.17138480973875417,NN_max,0.92
V7,Varari,16,4,12,0.10037785754694246,0.7754178597007279,12.728635214566042,0.05554615408007598,0.034644261079673264,0.25634895039894884,1.4588186538102401,0.17138480973875417,silicate_max,5.850910131
V7,Varari,16,4,12,0.10037785754694246,0.7754178597007279,12.728635214566042,0.05554615408007598,0.034644261079673264,0.25634895039894884,1.4588186538102401,0.17138480973875417,ammonia_max,0.7
V8,Varari,2,2,0,0.18319180967072451,0.8361402004344777,15.387927891146647,0.049393320460867425,0.034423608132761914,0.35029667757416694,2.364847113920169,0.1318866805597845,sal_max,36.68
V8,Varari,2,2,0,0.18319180967072451,0.8361402004344777,15.387927891146647,0.049393320460867425,0.034423608132761914,0.35029667757416694,2.364847113920169,0.1318866805597845,temp_max,29.43
V8,Varari,2,2,0,0.18319180967072451,0.8361402004344777,15.387927891146647,0.049393320460867425,0.034423608132761914,0.35029667757416694,2.364847113920169,0.1318866805597845,TA_max,2367.278158
V8,Varari,2,2,0,0.18319180967072451,0.8361402004344777,15.387927891146647,0.049393320460867425,0.034423608132761914,0.35029667757416694,2.364847113920169,0.1318866805597845,pH_max,8.055299748971068
V8,Varari,2,2,0,0.18319180967072451,0.8361402004344777,15.387927891146647,0.049393320460867425,0.034423608132761914,0.35029667757416694,2.364847113920169,0.1318866805597845,phos_max,0.26
V8,Varari,2,2,0,0.18319180967072451,0.8361402004344777,15.387927891146647,0.049393320460867425,0.034423608132761914,0.35029667757416694,2.364847113920169,0.1318866805597845,NN_max,1.34
V8,Varari,2,2,0,0.18319180967072451,0.8361402004344777,15.387927891146647,0.049393320460867425,0.034423608132761914,0.35029667757416694,2.364847113920169,0.1318866805597845,silicate_max,8.28
V8,Varari,2,2,0,0.18319180967072451,0.8361402004344777,15.387927891146647,0.049393320460867425,0.034423608132761914,0.35029667757416694,2.364847113920169,0.1318866805597845,ammonia_max,0.54
V9,Varari,19,11,8,0.0838379648359029,0.8124801000907522,16.09601764284366,0.04956427278700066,0.04131907978991586,0.20032977635827917,0.45231006946240704,0.09799777138259506,sal_max,36.61
V9,Varari,19,11,8,0.0838379648359029,0.8124801000907522,16.09601764284366,0.04956427278700066,0.04131907978991586,0.20032977635827917,0.45231006946240704,0.09799777138259506,temp_max,29.45
V9,Varari,19,11,8,0.0838379648359029,0.8124801000907522,16.09601764284366,0.04956427278700066,0.04131907978991586,0.20032977635827917,0.45231006946240704,0.09799777138259506,TA_max,2372.370084
V9,Varari,19,11,8,0.0838379648359029,0.8124801000907522,16.09601764284366,0.04956427278700066,0.04131907978991586,0.20032977635827917,0.45231006946240704,0.09799777138259506,pH_max,8.069159867538033
V9,Varari,19,11,8,0.0838379648359029,0.8124801000907522,16.09601764284366,0.04956427278700066,0.04131907978991586,0.20032977635827917,0.45231006946240704,0.09799777138259506,phos_max,0.24
V9,Varari,19,11,8,0.0838379648359029,0.8124801000907522,16.09601764284366,0.04956427278700066,0.04131907978991586,0.20032977635827917,0.45231006946240704,0.09799777138259506,NN_max,0.66
V9,Varari,19,11,8,0.0838379648359029,0.8124801000907522,16.09601764284366,0.04956427278700066,0.04131907978991586,0.20032977635827917,0.45231006946240704,0.09799777138259506,silicate_max,2.37
V9,Varari,19,11,8,0.0838379648359029,0.8124801000907522,16.09601764284366,0.04956427278700066,0.04131907978991586,0.20032977635827917,0.45231006946240704,0.09799777138259506,ammonia_max,0.45
