CowTagID,Location,sum_total,sum_total_dead,sum_total_alive,sal_sd,temp_sd,TA_sd,pH_sd,phos_sd,NN_sd,silicate_sd,ammonia_sd,MINenv_params,min_value
C1,Cabral,29,14,15,0.21202088845879577,0.9435737536469682,33.956983344309236,0.07083436234465015,0.03418410083860198,0.7964535775656351,1.38067237536478,0.2472131052864811,sal_min,35.9
C1,Cabral,29,14,15,0.21202088845879577,0.9435737536469682,33.956983344309236,0.07083436234465015,0.03418410083860198,0.7964535775656351,1.38067237536478,0.2472131052864811,temp_min,26.49
C1,Cabral,29,14,15,0.21202088845879577,0.9435737536469682,33.956983344309236,0.07083436234465015,0.03418410083860198,0.7964535775656351,1.38067237536478,0.2472131052864811,TA_min,2248.881745
C1,Cabral,29,14,15,0.21202088845879577,0.9435737536469682,33.956983344309236,0.07083436234465015,0.03418410083860198,0.7964535775656351,1.38067237536478,0.2472131052864811,pH_min,7.837550779733506
C1,Cabral,29,14,15,0.21202088845879577,0.9435737536469682,33.956983344309236,0.07083436234465015,0.03418410083860198,0.7964535775656351,1.38067237536478,0.2472131052864811,phos_min,0.13
C1,Cabral,29,14,15,0.21202088845879577,0.9435737536469682,33.956983344309236,0.07083436234465015,0.03418410083860198,0.7964535775656351,1.38067237536478,0.2472131052864811,NN_min,0.08
C1,Cabral,29,14,15,0.21202088845879577,0.9435737536469682,33.956983344309236,0.07083436234465015,0.03418410083860198,0.7964535775656351,1.38067237536478,0.2472131052864811,silicate_min,2.847369785
C1,Cabral,29,14,15,0.21202088845879577,0.9435737536469682,33.956983344309236,0.07083436234465015,0.03418410083860198,0.7964535775656351,1.38067237536478,0.2472131052864811,ammonia_min,0.02
C10,Cabral,11,8,3,0.14785421727234385,0.9848076947567846,29.93682016619777,0.06794262994032911,0.032721209192634965,0.065688000320831,1.2445334486524922,0.2344089935548493,sal_min,36.04
C10,Cabral,11,8,3,0.14785421727234385,0.9848076947567846,29.93682016619777,0.06794262994032911,0.032721209192634965,0.065688000320831,1.2445334486524922,0.2344089935548493,temp_min,27.17
C10,Cabral,11,8,3,0.14785421727234385,0.9848076947567846,29.93682016619777,0.06794262994032911,0.032721209192634965,0.065688000320831,1.2445334486524922,0.2344089935548493,TA_min,2256.387788
C10,Cabral,11,8,3,0.14785421727234385,0.9848076947567846,29.93682016619777,0.06794262994032911,0.032721209192634965,0.065688000320831,1.2445334486524922,0.2344089935548493,pH_min,7.853484084
C10,Cabral,11,8,3,0.14785421727234385,0.9848076947567846,29.93682016619777,0.06794262994032911,0.032721209192634965,0.065688000320831,1.2445334486524922,0.2344089935548493,phos_min,0.139594965
C10,Cabral,11,8,3,0.14785421727234385,0.9848076947567846,29.93682016619777,0.06794262994032911,0.032721209192634965,0.065688000320831,1.2445334486524922,0.2344089935548493,NN_min,0.31
C10,Cabral,11,8,3,0.14785421727234385,0.9848076947567846,29.93682016619777,0.06794262994032911,0.032721209192634965,0.065688000320831,1.2445334486524922,0.2344089935548493,silicate_min,3.184521033
C10,Cabral,11,8,3,0.14785421727234385,0.9848076947567846,29.93682016619777,0.06794262994032911,0.032721209192634965,0.065688000320831,1.2445334486524922,0.2344089935548493,ammonia_min,0.18
C11,Cabral,2,1,1,0.155460396186967,0.8994917042902374,27.599731707894257,0.06833934880885642,0.024652062363155494,0.2293470461993698,0.8857243088299172,0.2958892712670783,sal_min,36.17
C11,Cabral,2,1,1,0.155460396186967,0.8994917042902374,27.599731707894257,0.06833934880885642,0.024652062363155494,0.2293470461993698,0.8857243088299172,0.2958892712670783,temp_min,27.62
C11,Cabral,2,1,1,0.155460396186967,0.8994917042902374,27.599731707894257,0.06833934880885642,0.024652062363155494,0.2293470461993698,0.8857243088299172,0.2958892712670783,TA_min,2260.350965
C11,Cabral,2,1,1,0.155460396186967,0.8994917042902374,27.599731707894257,0.06833934880885642,0.024652062363155494,0.2293470461993698,0.8857243088299172,0.2958892712670783,pH_min,7.822619572
C11,Cabral,2,1,1,0.155460396186967,0.8994917042902374,27.599731707894257,0.06833934880885642,0.024652062363155494,0.2293470461993698,0.8857243088299172,0.2958892712670783,phos_min,0.17
C11,Cabral,2,1,1,0.155460396186967,0.8994917042902374,27.599731707894257,0.06833934880885642,0.024652062363155494,0.2293470461993698,0.8857243088299172,0.2958892712670783,NN_min,0.38
C11,Cabral,2,1,1,0.155460396186967,0.8994917042902374,27.599731707894257,0.06833934880885642,0.024652062363155494,0.2293470461993698,0.8857243088299172,0.2958892712670783,silicate_min,1.93
C11,Cabral,2,1,1,0.155460396186967,0.8994917042902374,27.599731707894257,0.06833934880885642,0.024652062363155494,0.2293470461993698,0.8857243088299172,0.2958892712670783,ammonia_min,0.02
C12,Cabral,86,48,38,0.16610667828666276,0.585313103023867,33.210466048498475,0.05223049236272986,0.03572605045057753,0.47699604650316757,1.13102145730321,0.2604879640502657,sal_min,36.19
C12,Cabral,86,48,38,0.16610667828666276,0.585313103023867,33.210466048498475,0.05223049236272986,0.03572605045057753,0.47699604650316757,1.13102145730321,0.2604879640502657,temp_min,27.19
C12,Cabral,86,48,38,0.16610667828666276,0.585313103023867,33.210466048498475,0.05223049236272986,0.03572605045057753,0.47699604650316757,1.13102145730321,0.2604879640502657,TA_min,2270.018906
C12,Cabral,86,48,38,0.16610667828666276,0.585313103023867,33.210466048498475,0.05223049236272986,0.03572605045057753,0.47699604650316757,1.13102145730321,0.2604879640502657,pH_min,7.886573556
C12,Cabral,86,48,38,0.16610667828666276,0.585313103023867,33.210466048498475,0.05223049236272986,0.03572605045057753,0.47699604650316757,1.13102145730321,0.2604879640502657,phos_min,0.15
C12,Cabral,86,48,38,0.16610667828666276,0.585313103023867,33.210466048498475,0.05223049236272986,0.03572605045057753,0.47699604650316757,1.13102145730321,0.2604879640502657,NN_min,0.24
C12,Cabral,86,48,38,0.16610667828666276,0.585313103023867,33.210466048498475,0.05223049236272986,0.03572605045057753,0.47699604650316757,1.13102145730321,0.2604879640502657,silicate_min,1.332314071
C12,Cabral,86,48,38,0.16610667828666276,0.585313103023867,33.210466048498475,0.05223049236272986,0.03572605045057753,0.47699604650316757,1.13102145730321,0.2604879640502657,ammonia_min,0.02
C13,Cabral,16,13,3,0.3747499166110657,1.399242030840113,41.00554423815735,0.1002175095863539,0.0400355650068346,0.20319747842119146,1.0360222101665126,0.32647073406187255,sal_min,35.3
C13,Cabral,16,13,3,0.3747499166110657,1.399242030840113,41.00554423815735,0.1002175095863539,0.0400355650068346,0.20319747842119146,1.0360222101665126,0.32647073406187255,temp_min,26.62
C13,Cabral,16,13,3,0.3747499166110657,1.399242030840113,41.00554423815735,0.1002175095863539,0.0400355650068346,0.20319747842119146,1.0360222101665126,0.32647073406187255,TA_min,2213.566904
C13,Cabral,16,13,3,0.3747499166110657,1.399242030840113,41.00554423815735,0.1002175095863539,0.0400355650068346,0.20319747842119146,1.0360222101665126,0.32647073406187255,pH_min,7.712902032
C13,Cabral,16,13,3,0.3747499166110657,1.399242030840113,41.00554423815735,0.1002175095863539,0.0400355650068346,0.20319747842119146,1.0360222101665126,0.32647073406187255,phos_min,0.146329616
C13,Cabral,16,13,3,0.3747499166110657,1.399242030840113,41.00554423815735,0.1002175095863539,0.0400355650068346,0.20319747842119146,1.0360222101665126,0.32647073406187255,NN_min,0.44
C13,Cabral,16,13,3,0.3747499166110657,1.399242030840113,41.00554423815735,0.1002175095863539,0.0400355650068346,0.20319747842119146,1.0360222101665126,0.32647073406187255,silicate_min,2.834266218
C13,Cabral,16,13,3,0.3747499166110657,1.399242030840113,41.00554423815735,0.1002175095863539,0.0400355650068346,0.20319747842119146,1.0360222101665126,0.32647073406187255,ammonia_min,0.02
C14,Cabral,13,7,6,0.16797233665801453,1.2032272779292112,28.703792051086122,0.07628445562885905,0.016421358150165603,0.10191898057630087,1.295724099204631,0.28233800159585315,sal_min,36.11
C14,Cabral,13,7,6,0.16797233665801453,1.2032272779292112,28.703792051086122,0.07628445562885905,0.016421358150165603,0.10191898057630087,1.295724099204631,0.28233800159585315,temp_min,26.76
C14,Cabral,13,7,6,0.16797233665801453,1.2032272779292112,28.703792051086122,0.07628445562885905,0.016421358150165603,0.10191898057630087,1.295724099204631,0.28233800159585315,TA_min,2248.772141
C14,Cabral,13,7,6,0.16797233665801453,1.2032272779292112,28.703792051086122,0.07628445562885905,0.016421358150165603,0.10191898057630087,1.295724099204631,0.28233800159585315,pH_min,7.854626198
C14,Cabral,13,7,6,0.16797233665801453,1.2032272779292112,28.703792051086122,0.07628445562885905,0.016421358150165603,0.10191898057630087,1.295724099204631,0.28233800159585315,phos_min,0.183916245
C14,Cabral,13,7,6,0.16797233665801453,1.2032272779292112,28.703792051086122,0.07628445562885905,0.016421358150165603,0.10191898057630087,1.295724099204631,0.28233800159585315,NN_min,0.41
C14,Cabral,13,7,6,0.16797233665801453,1.2032272779292112,28.703792051086122,0.07628445562885905,0.016421358150165603,0.10191898057630087,1.295724099204631,0.28233800159585315,silicate_min,1.144260171
C14,Cabral,13,7,6,0.16797233665801453,1.2032272779292112,28.703792051086122,0.07628445562885905,0.016421358150165603,0.10191898057630087,1.295724099204631,0.28233800159585315,ammonia_min,0.265309501
C15,Cabral,14,7,7,0.19312446459091986,1.4103775047420293,16.92188263280695,0.0755399518434771,0.01898009599402885,0.21989870770606657,0.4297736931666749,0.21075296333422913,sal_min,36.21
C15,Cabral,14,7,7,0.19312446459091986,1.4103775047420293,16.92188263280695,0.0755399518434771,0.01898009599402885,0.21989870770606657,0.4297736931666749,0.21075296333422913,temp_min,26.78
C15,Cabral,14,7,7,0.19312446459091986,1.4103775047420293,16.92188263280695,0.0755399518434771,0.01898009599402885,0.21989870770606657,0.4297736931666749,0.21075296333422913,TA_min,2292.997625
C15,Cabral,14,7,7,0.19312446459091986,1.4103775047420293,16.92188263280695,0.0755399518434771,0.01898009599402885,0.21989870770606657,0.4297736931666749,0.21075296333422913,pH_min,7.861279285
C15,Cabral,14,7,7,0.19312446459091986,1.4103775047420293,16.92188263280695,0.0755399518434771,0.01898009599402885,0.21989870770606657,0.4297736931666749,0.21075296333422913,phos_min,0.19
C15,Cabral,14,7,7,0.19312446459091986,1.4103775047420293,16.92188263280695,0.0755399518434771,0.01898009599402885,0.21989870770606657,0.4297736931666749,0.21075296333422913,NN_min,0.55
C15,Cabral,14,7,7,0.19312446459091986,1.4103775047420293,16.92188263280695,0.0755399518434771,0.01898009599402885,0.21989870770606657,0.4297736931666749,0.21075296333422913,silicate_min,1.070596873
C15,Cabral,14,7,7,0.19312446459091986,1.4103775047420293,16.92188263280695,0.0755399518434771,0.01898009599402885,0.21989870770606657,0.4297736931666749,0.21075296333422913,ammonia_min,0.172605288
C16,Cabral,10,3,7,0.31251869509296354,0.8264552382734136,23.34045728136358,0.082687142095885,0.01653485184336898,0.1502186057879679,2.1223297320188577,0.3415430889261362,sal_min,35.89
C16,Cabral,10,3,7,0.31251869509296354,0.8264552382734136,23.34045728136358,0.082687142095885,0.01653485184336898,0.1502186057879679,2.1223297320188577,0.3415430889261362,temp_min,26.73
C16,Cabral,10,3,7,0.31251869509296354,0.8264552382734136,23.34045728136358,0.082687142095885,0.01653485184336898,0.1502186057879679,2.1223297320188577,0.3415430889261362,TA_min,2276.492556
C16,Cabral,10,3,7,0.31251869509296354,0.8264552382734136,23.34045728136358,0.082687142095885,0.01653485184336898,0.1502186057879679,2.1223297320188577,0.3415430889261362,pH_min,7.829249103
C16,Cabral,10,3,7,0.31251869509296354,0.8264552382734136,23.34045728136358,0.082687142095885,0.01653485184336898,0.1502186057879679,2.1223297320188577,0.3415430889261362,phos_min,0.171630058
C16,Cabral,10,3,7,0.31251869509296354,0.8264552382734136,23.34045728136358,0.082687142095885,0.01653485184336898,0.1502186057879679,2.1223297320188577,0.3415430889261362,NN_min,0.3
C16,Cabral,10,3,7,0.31251869509296354,0.8264552382734136,23.34045728136358,0.082687142095885,0.01653485184336898,0.1502186057879679,2.1223297320188577,0.3415430889261362,silicate_min,1.312127494
C16,Cabral,10,3,7,0.31251869509296354,0.8264552382734136,23.34045728136358,0.082687142095885,0.01653485184336898,0.1502186057879679,2.1223297320188577,0.3415430889261362,ammonia_min,0.02
C17,Cabral,42,29,13,0.2106511643534834,0.8661750626348201,30.283807319937754,0.0682939058170638,0.0418087292818985,0.11929428188839239,1.8828682093733211,0.37382896408470057,sal_min,36
C17,Cabral,42,29,13,0.2106511643534834,0.8661750626348201,30.283807319937754,0.0682939058170638,0.0418087292818985,0.11929428188839239,1.8828682093733211,0.37382896408470057,temp_min,26.57
C17,Cabral,42,29,13,0.2106511643534834,0.8661750626348201,30.283807319937754,0.0682939058170638,0.0418087292818985,0.11929428188839239,1.8828682093733211,0.37382896408470057,TA_min,2255.996627
C17,Cabral,42,29,13,0.2106511643534834,0.8661750626348201,30.283807319937754,0.0682939058170638,0.0418087292818985,0.11929428188839239,1.8828682093733211,0.37382896408470057,pH_min,7.87160586
C17,Cabral,42,29,13,0.2106511643534834,0.8661750626348201,30.283807319937754,0.0682939058170638,0.0418087292818985,0.11929428188839239,1.8828682093733211,0.37382896408470057,phos_min,0.12
C17,Cabral,42,29,13,0.2106511643534834,0.8661750626348201,30.283807319937754,0.0682939058170638,0.0418087292818985,0.11929428188839239,1.8828682093733211,0.37382896408470057,NN_min,0.09
C17,Cabral,42,29,13,0.2106511643534834,0.8661750626348201,30.283807319937754,0.0682939058170638,0.0418087292818985,0.11929428188839239,1.8828682093733211,0.37382896408470057,silicate_min,2.110028505
C17,Cabral,42,29,13,0.2106511643534834,0.8661750626348201,30.283807319937754,0.0682939058170638,0.0418087292818985,0.11929428188839239,1.8828682093733211,0.37382896408470057,ammonia_min,0.02
C18,Cabral,2,1,1,0.2015375679726929,0.6378854333553609,17.752631697053182,0.04407304380596662,0.025358856180217115,0.2070276278482238,1.0385753143742504,0.32604419312672606,sal_min,35.99
C18,Cabral,2,1,1,0.2015375679726929,0.6378854333553609,17.752631697053182,0.04407304380596662,0.025358856180217115,0.2070276278482238,1.0385753143742504,0.32604419312672606,temp_min,26.89
C18,Cabral,2,1,1,0.2015375679726929,0.6378854333553609,17.752631697053182,0.04407304380596662,0.025358856180217115,0.2070276278482238,1.0385753143742504,0.32604419312672606,TA_min,2304.619843
C18,Cabral,2,1,1,0.2015375679726929,0.6378854333553609,17.752631697053182,0.04407304380596662,0.025358856180217115,0.2070276278482238,1.0385753143742504,0.32604419312672606,pH_min,7.910831882
C18,Cabral,2,1,1,0.2015375679726929,0.6378854333553609,17.752631697053182,0.04407304380596662,0.025358856180217115,0.2070276278482238,1.0385753143742504,0.32604419312672606,phos_min,0.17
C18,Cabral,2,1,1,0.2015375679726929,0.6378854333553609,17.752631697053182,0.04407304380596662,0.025358856180217115,0.2070276278482238,1.0385753143742504,0.32604419312672606,NN_min,0.43
C18,Cabral,2,1,1,0.2015375679726929,0.6378854333553609,17.752631697053182,0.04407304380596662,0.025358856180217115,0.2070276278482238,1.0385753143742504,0.32604419312672606,silicate_min,1.085825343
C18,Cabral,2,1,1,0.2015375679726929,0.6378854333553609,17.752631697053182,0.04407304380596662,0.025358856180217115,0.2070276278482238,1.0385753143742504,0.32604419312672606,ammonia_min,0.02
C19,Cabral,0,0,0,0.1718015159117212,0.5338768177414517,23.50704385650182,0.05227892429975655,0.027183843159483204,0.16509256072520861,1.0197735218602377,0.2145480299364343,sal_min,36.13
C19,Cabral,0,0,0,0.1718015159117212,0.5338768177414517,23.50704385650182,0.05227892429975655,0.027183843159483204,0.16509256072520861,1.0197735218602377,0.2145480299364343,temp_min,26.15
C19,Cabral,0,0,0,0.1718015159117212,0.5338768177414517,23.50704385650182,0.05227892429975655,0.027183843159483204,0.16509256072520861,1.0197735218602377,0.2145480299364343,TA_min,2306.758841
C19,Cabral,0,0,0,0.1718015159117212,0.5338768177414517,23.50704385650182,0.05227892429975655,0.027183843159483204,0.16509256072520861,1.0197735218602377,0.2145480299364343,pH_min,7.922316313
C19,Cabral,0,0,0,0.1718015159117212,0.5338768177414517,23.50704385650182,0.05227892429975655,0.027183843159483204,0.16509256072520861,1.0197735218602377,0.2145480299364343,phos_min,0.187465587
C19,Cabral,0,0,0,0.1718015159117212,0.5338768177414517,23.50704385650182,0.05227892429975655,0.027183843159483204,0.16509256072520861,1.0197735218602377,0.2145480299364343,NN_min,0.57
C19,Cabral,0,0,0,0.1718015159117212,0.5338768177414517,23.50704385650182,0.05227892429975655,0.027183843159483204,0.16509256072520861,1.0197735218602377,0.2145480299364343,silicate_min,1.020307506
C19,Cabral,0,0,0,0.1718015159117212,0.5338768177414517,23.50704385650182,0.05227892429975655,0.027183843159483204,0.16509256072520861,1.0197735218602377,0.2145480299364343,ammonia_min,0.1
C2,Cabral,15,11,4,0.24669665407223293,1.2784869198970428,37.89313982975093,0.09300569692427536,0.025382939423479512,0.14468492069861358,4.786610402939046,0.20237874276576232,sal_min,36.01
C2,Cabral,15,11,4,0.24669665407223293,1.2784869198970428,37.89313982975093,0.09300569692427536,0.025382939423479512,0.14468492069861358,4.786610402939046,0.20237874276576232,temp_min,26.49
C2,Cabral,15,11,4,0.24669665407223293,1.2784869198970428,37.89313982975093,0.09300569692427536,0.025382939423479512,0.14468492069861358,4.786610402939046,0.20237874276576232,TA_min,2250.884104
C2,Cabral,15,11,4,0.24669665407223293,1.2784869198970428,37.89313982975093,0.09300569692427536,0.025382939423479512,0.14468492069861358,4.786610402939046,0.20237874276576232,pH_min,7.791398546
C2,Cabral,15,11,4,0.24669665407223293,1.2784869198970428,37.89313982975093,0.09300569692427536,0.025382939423479512,0.14468492069861358,4.786610402939046,0.20237874276576232,phos_min,0.164667886
C2,Cabral,15,11,4,0.24669665407223293,1.2784869198970428,37.89313982975093,0.09300569692427536,0.025382939423479512,0.14468492069861358,4.786610402939046,0.20237874276576232,NN_min,0.39
C2,Cabral,15,11,4,0.24669665407223293,1.2784869198970428,37.89313982975093,0.09300569692427536,0.025382939423479512,0.14468492069861358,4.786610402939046,0.20237874276576232,silicate_min,1.2335060900000001
C2,Cabral,15,11,4,0.24669665407223293,1.2784869198970428,37.89313982975093,0.09300569692427536,0.025382939423479512,0.14468492069861358,4.786610402939046,0.20237874276576232,ammonia_min,0.03
C20,Cabral,146,68,78,0.19882945499576413,0.9150472190239568,39.279271989203934,0.0681841133635196,0.030311167520470694,0.13394883438698083,1.3394393119445671,0.24097535151515245,sal_min,36.03
C20,Cabral,146,68,78,0.19882945499576413,0.9150472190239568,39.279271989203934,0.0681841133635196,0.030311167520470694,0.13394883438698083,1.3394393119445671,0.24097535151515245,temp_min,26.35
C20,Cabral,146,68,78,0.19882945499576413,0.9150472190239568,39.279271989203934,0.0681841133635196,0.030311167520470694,0.13394883438698083,1.3394393119445671,0.24097535151515245,TA_min,2224.147446
C20,Cabral,146,68,78,0.19882945499576413,0.9150472190239568,39.279271989203934,0.0681841133635196,0.030311167520470694,0.13394883438698083,1.3394393119445671,0.24097535151515245,pH_min,7.866974805
C20,Cabral,146,68,78,0.19882945499576413,0.9150472190239568,39.279271989203934,0.0681841133635196,0.030311167520470694,0.13394883438698083,1.3394393119445671,0.24097535151515245,phos_min,0.129219964
C20,Cabral,146,68,78,0.19882945499576413,0.9150472190239568,39.279271989203934,0.0681841133635196,0.030311167520470694,0.13394883438698083,1.3394393119445671,0.24097535151515245,NN_min,0.2
C20,Cabral,146,68,78,0.19882945499576413,0.9150472190239568,39.279271989203934,0.0681841133635196,0.030311167520470694,0.13394883438698083,1.3394393119445671,0.24097535151515245,silicate_min,2.675960957
C20,Cabral,146,68,78,0.19882945499576413,0.9150472190239568,39.279271989203934,0.0681841133635196,0.030311167520470694,0.13394883438698083,1.3394393119445671,0.24097535151515245,ammonia_min,0.09
C3,Cabral,1,0,1,0.23459956632896647,0.37347079508658865,14.124386886206686,0.07190376862751593,0.02779284694846196,0.24715155372232253,1.303973489629456,0.2420227680431095,sal_min,36.12
C3,Cabral,1,0,1,0.23459956632896647,0.37347079508658865,14.124386886206686,0.07190376862751593,0.02779284694846196,0.24715155372232253,1.303973489629456,0.2420227680431095,temp_min,26.69
C3,Cabral,1,0,1,0.23459956632896647,0.37347079508658865,14.124386886206686,0.07190376862751593,0.02779284694846196,0.24715155372232253,1.303973489629456,0.2420227680431095,TA_min,2305.413099
C3,Cabral,1,0,1,0.23459956632896647,0.37347079508658865,14.124386886206686,0.07190376862751593,0.02779284694846196,0.24715155372232253,1.303973489629456,0.2420227680431095,pH_min,7.868473391
C3,Cabral,1,0,1,0.23459956632896647,0.37347079508658865,14.124386886206686,0.07190376862751593,0.02779284694846196,0.24715155372232253,1.303973489629456,0.2420227680431095,phos_min,0.19
C3,Cabral,1,0,1,0.23459956632896647,0.37347079508658865,14.124386886206686,0.07190376862751593,0.02779284694846196,0.24715155372232253,1.303973489629456,0.2420227680431095,NN_min,0.38
C3,Cabral,1,0,1,0.23459956632896647,0.37347079508658865,14.124386886206686,0.07190376862751593,0.02779284694846196,0.24715155372232253,1.303973489629456,0.2420227680431095,silicate_min,1.186404077
C3,Cabral,1,0,1,0.23459956632896647,0.37347079508658865,14.124386886206686,0.07190376862751593,0.02779284694846196,0.24715155372232253,1.303973489629456,0.2420227680431095,ammonia_min,0.02
C4,Cabral,2,0,2,0.20282783446751737,0.8580580323943843,19.70523260265536,0.07402782680990126,0.04036800950535042,0.14656917559710944,1.7305320556064288,0.27406882570520524,sal_min,36.02
C4,Cabral,2,0,2,0.20282783446751737,0.8580580323943843,19.70523260265536,0.07402782680990126,0.04036800950535042,0.14656917559710944,1.7305320556064288,0.27406882570520524,temp_min,27.27
C4,Cabral,2,0,2,0.20282783446751737,0.8580580323943843,19.70523260265536,0.07402782680990126,0.04036800950535042,0.14656917559710944,1.7305320556064288,0.27406882570520524,TA_min,2262.679391
C4,Cabral,2,0,2,0.20282783446751737,0.8580580323943843,19.70523260265536,0.07402782680990126,0.04036800950535042,0.14656917559710944,1.7305320556064288,0.27406882570520524,pH_min,7.827509968
C4,Cabral,2,0,2,0.20282783446751737,0.8580580323943843,19.70523260265536,0.07402782680990126,0.04036800950535042,0.14656917559710944,1.7305320556064288,0.27406882570520524,phos_min,0.12
C4,Cabral,2,0,2,0.20282783446751737,0.8580580323943843,19.70523260265536,0.07402782680990126,0.04036800950535042,0.14656917559710944,1.7305320556064288,0.27406882570520524,NN_min,0.06
C4,Cabral,2,0,2,0.20282783446751737,0.8580580323943843,19.70523260265536,0.07402782680990126,0.04036800950535042,0.14656917559710944,1.7305320556064288,0.27406882570520524,silicate_min,2.54
C4,Cabral,2,0,2,0.20282783446751737,0.8580580323943843,19.70523260265536,0.07402782680990126,0.04036800950535042,0.14656917559710944,1.7305320556064288,0.27406882570520524,ammonia_min,0.03
C5,Cabral,6,6,0,0.22919993170952688,1.3455427626377972,20.832415142091115,0.0676340003820324,0.03329847218135043,0.1945936060294644,1.9374964618931527,0.4033704904175559,sal_min,35.81
C5,Cabral,6,6,0,0.22919993170952688,1.3455427626377972,20.832415142091115,0.0676340003820324,0.03329847218135043,0.1945936060294644,1.9374964618931527,0.4033704904175559,temp_min,26.35
C5,Cabral,6,6,0,0.22919993170952688,1.3455427626377972,20.832415142091115,0.0676340003820324,0.03329847218135043,0.1945936060294644,1.9374964618931527,0.4033704904175559,TA_min,2276.288714
C5,Cabral,6,6,0,0.22919993170952688,1.3455427626377972,20.832415142091115,0.0676340003820324,0.03329847218135043,0.1945936060294644,1.9374964618931527,0.4033704904175559,pH_min,7.853631333
C5,Cabral,6,6,0,0.22919993170952688,1.3455427626377972,20.832415142091115,0.0676340003820324,0.03329847218135043,0.1945936060294644,1.9374964618931527,0.4033704904175559,phos_min,0.11
C5,Cabral,6,6,0,0.22919993170952688,1.3455427626377972,20.832415142091115,0.0676340003820324,0.03329847218135043,0.1945936060294644,1.9374964618931527,0.4033704904175559,NN_min,0.03
C5,Cabral,6,6,0,0.22919993170952688,1.3455427626377972,20.832415142091115,0.0676340003820324,0.03329847218135043,0.1945936060294644,1.9374964618931527,0.4033704904175559,silicate_min,1.968014166
C5,Cabral,6,6,0,0.22919993170952688,1.3455427626377972,20.832415142091115,0.0676340003820324,0.03329847218135043,0.1945936060294644,1.9374964618931527,0.4033704904175559,ammonia_min,0.02
C6,Cabral,18,9,9,0.18186981727263737,1.047593515593259,15.044652913112182,0.03181023523452509,0.0510348636825137,0.2404728704995767,0.3101286472617905,0.1769379401688617,sal_min,36.17
C6,Cabral,18,9,9,0.18186981727263737,1.047593515593259,15.044652913112182,0.03181023523452509,0.0510348636825137,0.2404728704995767,0.3101286472617905,0.1769379401688617,temp_min,27.28
C6,Cabral,18,9,9,0.18186981727263737,1.047593515593259,15.044652913112182,0.03181023523452509,0.0510348636825137,0.2404728704995767,0.3101286472617905,0.1769379401688617,TA_min,2314.273847
C6,Cabral,18,9,9,0.18186981727263737,1.047593515593259,15.044652913112182,0.03181023523452509,0.0510348636825137,0.2404728704995767,0.3101286472617905,0.1769379401688617,pH_min,7.961811673
C6,Cabral,18,9,9,0.18186981727263737,1.047593515593259,15.044652913112182,0.03181023523452509,0.0510348636825137,0.2404728704995767,0.3101286472617905,0.1769379401688617,phos_min,0.07
C6,Cabral,18,9,9,0.18186981727263737,1.047593515593259,15.044652913112182,0.03181023523452509,0.0510348636825137,0.2404728704995767,0.3101286472617905,0.1769379401688617,NN_min,0.03
C6,Cabral,18,9,9,0.18186981727263737,1.047593515593259,15.044652913112182,0.03181023523452509,0.0510348636825137,0.2404728704995767,0.3101286472617905,0.1769379401688617,silicate_min,0.922207826
C6,Cabral,18,9,9,0.18186981727263737,1.047593515593259,15.044652913112182,0.03181023523452509,0.0510348636825137,0.2404728704995767,0.3101286472617905,0.1769379401688617,ammonia_min,0.02
C7,Cabral,8,5,3,0.14752866122334593,1.1140136761226205,24.547732703083557,0.0424156833652737,0.01889742054525867,0.09343932274175233,1.1310334476334407,0.14641579838092075,sal_min,36.26
C7,Cabral,8,5,3,0.14752866122334593,1.1140136761226205,24.547732703083557,0.0424156833652737,0.01889742054525867,0.09343932274175233,1.1310334476334407,0.14641579838092075,temp_min,27.17
C7,Cabral,8,5,3,0.14752866122334593,1.1140136761226205,24.547732703083557,0.0424156833652737,0.01889742054525867,0.09343932274175233,1.1310334476334407,0.14641579838092075,TA_min,2289.055294
C7,Cabral,8,5,3,0.14752866122334593,1.1140136761226205,24.547732703083557,0.0424156833652737,0.01889742054525867,0.09343932274175233,1.1310334476334407,0.14641579838092075,pH_min,7.934577259
C7,Cabral,8,5,3,0.14752866122334593,1.1140136761226205,24.547732703083557,0.0424156833652737,0.01889742054525867,0.09343932274175233,1.1310334476334407,0.14641579838092075,phos_min,0.173632252
C7,Cabral,8,5,3,0.14752866122334593,1.1140136761226205,24.547732703083557,0.0424156833652737,0.01889742054525867,0.09343932274175233,1.1310334476334407,0.14641579838092075,NN_min,0.42
C7,Cabral,8,5,3,0.14752866122334593,1.1140136761226205,24.547732703083557,0.0424156833652737,0.01889742054525867,0.09343932274175233,1.1310334476334407,0.14641579838092075,silicate_min,0.881834672
C7,Cabral,8,5,3,0.14752866122334593,1.1140136761226205,24.547732703083557,0.0424156833652737,0.01889742054525867,0.09343932274175233,1.1310334476334407,0.14641579838092075,ammonia_min,0.21
C8,Cabral,9,4,5,0.19654073590369245,0.751371571947219,23.56431216084925,0.06253040205043389,0.024770029623683663,0.10494872392313354,1.242482331552305,0.46275488030816053,sal_min,35.98
C8,Cabral,9,4,5,0.19654073590369245,0.751371571947219,23.56431216084925,0.06253040205043389,0.024770029623683663,0.10494872392313354,1.242482331552305,0.46275488030816053,temp_min,27.25
C8,Cabral,9,4,5,0.19654073590369245,0.751371571947219,23.56431216084925,0.06253040205043389,0.024770029623683663,0.10494872392313354,1.242482331552305,0.46275488030816053,TA_min,2277.778464
C8,Cabral,9,4,5,0.19654073590369245,0.751371571947219,23.56431216084925,0.06253040205043389,0.024770029623683663,0.10494872392313354,1.242482331552305,0.46275488030816053,pH_min,7.863973716
C8,Cabral,9,4,5,0.19654073590369245,0.751371571947219,23.56431216084925,0.06253040205043389,0.024770029623683663,0.10494872392313354,1.242482331552305,0.46275488030816053,phos_min,0.159707907
C8,Cabral,9,4,5,0.19654073590369245,0.751371571947219,23.56431216084925,0.06253040205043389,0.024770029623683663,0.10494872392313354,1.242482331552305,0.46275488030816053,NN_min,0.31
C8,Cabral,9,4,5,0.19654073590369245,0.751371571947219,23.56431216084925,0.06253040205043389,0.024770029623683663,0.10494872392313354,1.242482331552305,0.46275488030816053,silicate_min,2.299499007
C8,Cabral,9,4,5,0.19654073590369245,0.751371571947219,23.56431216084925,0.06253040205043389,0.024770029623683663,0.10494872392313354,1.242482331552305,0.46275488030816053,ammonia_min,0.02
C9,Cabral,3,1,2,0.1424570873601252,0.4958720908004227,29.75118214432683,0.06477838529317365,0.024321974722863432,0.14507159551565574,1.8083004755036183,0.1820212723182056,sal_min,36.23
C9,Cabral,3,1,2,0.1424570873601252,0.4958720908004227,29.75118214432683,0.06477838529317365,0.024321974722863432,0.14507159551565574,1.8083004755036183,0.1820212723182056,temp_min,27.18
C9,Cabral,3,1,2,0.1424570873601252,0.4958720908004227,29.75118214432683,0.06477838529317365,0.024321974722863432,0.14507159551565574,1.8083004755036183,0.1820212723182056,TA_min,2265.558581
C9,Cabral,3,1,2,0.1424570873601252,0.4958720908004227,29.75118214432683,0.06477838529317365,0.024321974722863432,0.14507159551565574,1.8083004755036183,0.1820212723182056,pH_min,7.853260484
C9,Cabral,3,1,2,0.1424570873601252,0.4958720908004227,29.75118214432683,0.06477838529317365,0.024321974722863432,0.14507159551565574,1.8083004755036183,0.1820212723182056,phos_min,0.162210649
C9,Cabral,3,1,2,0.1424570873601252,0.4958720908004227,29.75118214432683,0.06477838529317365,0.024321974722863432,0.14507159551565574,1.8083004755036183,0.1820212723182056,NN_min,0.32
C9,Cabral,3,1,2,0.1424570873601252,0.4958720908004227,29.75118214432683,0.06477838529317365,0.024321974722863432,0.14507159551565574,1.8083004755036183,0.1820212723182056,silicate_min,1.006141487
C9,Cabral,3,1,2,0.1424570873601252,0.4958720908004227,29.75118214432683,0.06477838529317365,0.024321974722863432,0.14507159551565574,1.8083004755036183,0.1820212723182056,ammonia_min,0.02
V1,Varari,93,71,22,0.14920987553282763,0.7257368818925564,20.24916125124616,0.05837566936594602,0.029148930330634298,0.21411559133684882,1.6266968139907432,0.19670174933573956,sal_min,36.22
V1,Varari,93,71,22,0.14920987553282763,0.7257368818925564,20.24916125124616,0.05837566936594602,0.029148930330634298,0.21411559133684882,1.6266968139907432,0.19670174933573956,temp_min,27.1
V1,Varari,93,71,22,0.14920987553282763,0.7257368818925564,20.24916125124616,0.05837566936594602,0.029148930330634298,0.21411559133684882,1.6266968139907432,0.19670174933573956,TA_min,2309.516077
V1,Varari,93,71,22,0.14920987553282763,0.7257368818925564,20.24916125124616,0.05837566936594602,0.029148930330634298,0.21411559133684882,1.6266968139907432,0.19670174933573956,pH_min,7.90482291
V1,Varari,93,71,22,0.14920987553282763,0.7257368818925564,20.24916125124616,0.05837566936594602,0.029148930330634298,0.21411559133684882,1.6266968139907432,0.19670174933573956,phos_min,0.143281048
V1,Varari,93,71,22,0.14920987553282763,0.7257368818925564,20.24916125124616,0.05837566936594602,0.029148930330634298,0.21411559133684882,1.6266968139907432,0.19670174933573956,NN_min,0.154868566
V1,Varari,93,71,22,0.14920987553282763,0.7257368818925564,20.24916125124616,0.05837566936594602,0.029148930330634298,0.21411559133684882,1.6266968139907432,0.19670174933573956,silicate_min,0.91
V1,Varari,93,71,22,0.14920987553282763,0.7257368818925564,20.24916125124616,0.05837566936594602,0.029148930330634298,0.21411559133684882,1.6266968139907432,0.19670174933573956,ammonia_min,0.230482094
V10,Varari,62,41,21,0.1288009080443281,0.9035148756023792,21.786679364599358,0.04670649023017969,0.036948166584594856,0.225385894849575,0.8854945371081735,0.08333270957200392,sal_min,36.28
V10,Varari,62,41,21,0.1288009080443281,0.9035148756023792,21.786679364599358,0.04670649023017969,0.036948166584594856,0.225385894849575,0.8854945371081735,0.08333270957200392,temp_min,26.94
V10,Varari,62,41,21,0.1288009080443281,0.9035148756023792,21.786679364599358,0.04670649023017969,0.036948166584594856,0.225385894849575,0.8854945371081735,0.08333270957200392,TA_min,2303.174091
V10,Varari,62,41,21,0.1288009080443281,0.9035148756023792,21.786679364599358,0.04670649023017969,0.036948166584594856,0.225385894849575,0.8854945371081735,0.08333270957200392,pH_min,7.941249573
V10,Varari,62,41,21,0.1288009080443281,0.9035148756023792,21.786679364599358,0.04670649023017969,0.036948166584594856,0.225385894849575,0.8854945371081735,0.08333270957200392,phos_min,0.132885942
V10,Varari,62,41,21,0.1288009080443281,0.9035148756023792,21.786679364599358,0.04670649023017969,0.036948166584594856,0.225385894849575,0.8854945371081735,0.08333270957200392,NN_min,0.073660449
V10,Varari,62,41,21,0.1288009080443281,0.9035148756023792,21.786679364599358,0.04670649023017969,0.036948166584594856,0.225385894849575,0.8854945371081735,0.08333270957200392,silicate_min,0.88
V10,Varari,62,41,21,0.1288009080443281,0.9035148756023792,21.786679364599358,0.04670649023017969,0.036948166584594856,0.225385894849575,0.8854945371081735,0.08333270957200392,ammonia_min,0.129792442
V11,Varari,58,43,15,0.15732132722552425,0.7764635549553589,25.962293085721036,0.04421744362559734,0.03244999043549908,0.29007315147452134,2.2625660219957884,0.27223109262098155,sal_min,36.12
V11,Varari,58,43,15,0.15732132722552425,0.7764635549553589,25.962293085721036,0.04421744362559734,0.03244999043549908,0.29007315147452134,2.2625660219957884,0.27223109262098155,temp_min,26.97
V11,Varari,58,43,15,0.15732132722552425,0.7764635549553589,25.962293085721036,0.04421744362559734,0.03244999043549908,0.29007315147452134,2.2625660219957884,0.27223109262098155,TA_min,2308.380986
V11,Varari,58,43,15,0.15732132722552425,0.7764635549553589,25.962293085721036,0.04421744362559734,0.03244999043549908,0.29007315147452134,2.2625660219957884,0.27223109262098155,pH_min,7.941591869
V11,Varari,58,43,15,0.15732132722552425,0.7764635549553589,25.962293085721036,0.04421744362559734,0.03244999043549908,0.29007315147452134,2.2625660219957884,0.27223109262098155,phos_min,0.130612012
V11,Varari,58,43,15,0.15732132722552425,0.7764635549553589,25.962293085721036,0.04421744362559734,0.03244999043549908,0.29007315147452134,2.2625660219957884,0.27223109262098155,NN_min,0.122511503
V11,Varari,58,43,15,0.15732132722552425,0.7764635549553589,25.962293085721036,0.04421744362559734,0.03244999043549908,0.29007315147452134,2.2625660219957884,0.27223109262098155,silicate_min,0.66
V11,Varari,58,43,15,0.15732132722552425,0.7764635549553589,25.962293085721036,0.04421744362559734,0.03244999043549908,0.29007315147452134,2.2625660219957884,0.27223109262098155,ammonia_min,0.092888905
V12,Varari,131,119,12,0.13323116556669776,0.7748144939274174,11.410217218319463,0.0418419526018117,0.041084499273265906,0.22731156019814308,1.0907799591616856,0.19982578604701767,sal_min,36.28
V12,Varari,131,119,12,0.13323116556669776,0.7748144939274174,11.410217218319463,0.0418419526018117,0.041084499273265906,0.22731156019814308,1.0907799591616856,0.19982578604701767,temp_min,27.02
V12,Varari,131,119,12,0.13323116556669776,0.7748144939274174,11.410217218319463,0.0418419526018117,0.041084499273265906,0.22731156019814308,1.0907799591616856,0.19982578604701767,TA_min,2336.984344
V12,Varari,131,119,12,0.13323116556669776,0.7748144939274174,11.410217218319463,0.0418419526018117,0.041084499273265906,0.22731156019814308,1.0907799591616856,0.19982578604701767,pH_min,7.944709264
V12,Varari,131,119,12,0.13323116556669776,0.7748144939274174,11.410217218319463,0.0418419526018117,0.041084499273265906,0.22731156019814308,1.0907799591616856,0.19982578604701767,phos_min,0.131215299
V12,Varari,131,119,12,0.13323116556669776,0.7748144939274174,11.410217218319463,0.0418419526018117,0.041084499273265906,0.22731156019814308,1.0907799591616856,0.19982578604701767,NN_min,0.111785903
V12,Varari,131,119,12,0.13323116556669776,0.7748144939274174,11.410217218319463,0.0418419526018117,0.041084499273265906,0.22731156019814308,1.0907799591616856,0.19982578604701767,silicate_min,0.85
V12,Varari,131,119,12,0.13323116556669776,0.7748144939274174,11.410217218319463,0.0418419526018117,0.041084499273265906,0.22731156019814308,1.0907799591616856,0.19982578604701767,ammonia_min,0.125171999
V13,Varari,8,4,4,0.07566013826143249,0.8481043439700502,15.610686630695406,0.05077389415782927,0.038507945491610074,0.17424799461717938,0.26780568154037027,0.5039168317934648,sal_min,36.38
V13,Varari,8,4,4,0.07566013826143249,0.8481043439700502,15.610686630695406,0.05077389415782927,0.038507945491610074,0.17424799461717938,0.26780568154037027,0.5039168317934648,temp_min,27.01
V13,Varari,8,4,4,0.07566013826143249,0.8481043439700502,15.610686630695406,0.05077389415782927,0.038507945491610074,0.17424799461717938,0.26780568154037027,0.5039168317934648,TA_min,2332.892346
V13,Varari,8,4,4,0.07566013826143249,0.8481043439700502,15.610686630695406,0.05077389415782927,0.038507945491610074,0.17424799461717938,0.26780568154037027,0.5039168317934648,pH_min,7.932415829
V13,Varari,8,4,4,0.07566013826143249,0.8481043439700502,15.610686630695406,0.05077389415782927,0.038507945491610074,0.17424799461717938,0.26780568154037027,0.5039168317934648,phos_min,0.134742211
V13,Varari,8,4,4,0.07566013826143249,0.8481043439700502,15.610686630695406,0.05077389415782927,0.038507945491610074,0.17424799461717938,0.26780568154037027,0.5039168317934648,NN_min,0.125666091
V13,Varari,8,4,4,0.07566013826143249,0.8481043439700502,15.610686630695406,0.05077389415782927,0.038507945491610074,0.17424799461717938,0.26780568154037027,0.5039168317934648,silicate_min,1.07
V13,Varari,8,4,4,0.07566013826143249,0.8481043439700502,15.610686630695406,0.05077389415782927,0.038507945491610074,0.17424799461717938,0.26780568154037027,0.5039168317934648,ammonia_min,0.132612713
V14,Varari,2,0,2,0.10372675224084994,0.8635065015741743,25.754755899037747,0.05475428009619663,0.035861050316096606,0.15834742154626452,0.723414222545592,0.15075061291784894,sal_min,36.28
V14,Varari,2,0,2,0.10372675224084994,0.8635065015741743,25.754755899037747,0.05475428009619663,0.035861050316096606,0.15834742154626452,0.723414222545592,0.15075061291784894,temp_min,26.97
V14,Varari,2,0,2,0.10372675224084994,0.8635065015741743,25.754755899037747,0.05475428009619663,0.035861050316096606,0.15834742154626452,0.723414222545592,0.15075061291784894,TA_min,2307.005078
V14,Varari,2,0,2,0.10372675224084994,0.8635065015741743,25.754755899037747,0.05475428009619663,0.035861050316096606,0.15834742154626452,0.723414222545592,0.15075061291784894,pH_min,7.915014661
V14,Varari,2,0,2,0.10372675224084994,0.8635065015741743,25.754755899037747,0.05475428009619663,0.035861050316096606,0.15834742154626452,0.723414222545592,0.15075061291784894,phos_min,0.143002608
V14,Varari,2,0,2,0.10372675224084994,0.8635065015741743,25.754755899037747,0.05475428009619663,0.035861050316096606,0.15834742154626452,0.723414222545592,0.15075061291784894,NN_min,0.174607276
V14,Varari,2,0,2,0.10372675224084994,0.8635065015741743,25.754755899037747,0.05475428009619663,0.035861050316096606,0.15834742154626452,0.723414222545592,0.15075061291784894,silicate_min,1.45
V14,Varari,2,0,2,0.10372675224084994,0.8635065015741743,25.754755899037747,0.05475428009619663,0.035861050316096606,0.15834742154626452,0.723414222545592,0.15075061291784894,ammonia_min,0.223881462
V15,Varari,33,26,7,0.13702586236372294,0.8638349782019806,22.610776083618436,0.047933363847473584,0.04201730315487615,0.272657449924387,2.302561208603086,0.4011950191990254,sal_min,36.15
V15,Varari,33,26,7,0.13702586236372294,0.8638349782019806,22.610776083618436,0.047933363847473584,0.04201730315487615,0.272657449924387,2.302561208603086,0.4011950191990254,temp_min,26.87
V15,Varari,33,26,7,0.13702586236372294,0.8638349782019806,22.610776083618436,0.047933363847473584,0.04201730315487615,0.272657449924387,2.302561208603086,0.4011950191990254,TA_min,2313.6248650000002
V15,Varari,33,26,7,0.13702586236372294,0.8638349782019806,22.610776083618436,0.047933363847473584,0.04201730315487615,0.272657449924387,2.302561208603086,0.4011950191990254,pH_min,7.93708686
V15,Varari,33,26,7,0.13702586236372294,0.8638349782019806,22.610776083618436,0.047933363847473584,0.04201730315487615,0.272657449924387,2.302561208603086,0.4011950191990254,phos_min,0.148246568
V15,Varari,33,26,7,0.13702586236372294,0.8638349782019806,22.610776083618436,0.047933363847473584,0.04201730315487615,0.272657449924387,2.302561208603086,0.4011950191990254,NN_min,0.1682981
V15,Varari,33,26,7,0.13702586236372294,0.8638349782019806,22.610776083618436,0.047933363847473584,0.04201730315487615,0.272657449924387,2.302561208603086,0.4011950191990254,silicate_min,0.65
V15,Varari,33,26,7,0.13702586236372294,0.8638349782019806,22.610776083618436,0.047933363847473584,0.04201730315487615,0.272657449924387,2.302561208603086,0.4011950191990254,ammonia_min,0.180377291
V16,Varari,22,11,11,0.0840419150082921,0.8148716223243783,15.83359355862115,0.044114596103851045,0.031022810399260657,0.1435369615522235,0.26599940873906447,0.20056016883094002,sal_min,36.4
V16,Varari,22,11,11,0.0840419150082921,0.8148716223243783,15.83359355862115,0.044114596103851045,0.031022810399260657,0.1435369615522235,0.26599940873906447,0.20056016883094002,temp_min,26.91
V16,Varari,22,11,11,0.0840419150082921,0.8148716223243783,15.83359355862115,0.044114596103851045,0.031022810399260657,0.1435369615522235,0.26599940873906447,0.20056016883094002,TA_min,2321.911981
V16,Varari,22,11,11,0.0840419150082921,0.8148716223243783,15.83359355862115,0.044114596103851045,0.031022810399260657,0.1435369615522235,0.26599940873906447,0.20056016883094002,pH_min,7.951601106
V16,Varari,22,11,11,0.0840419150082921,0.8148716223243783,15.83359355862115,0.044114596103851045,0.031022810399260657,0.1435369615522235,0.26599940873906447,0.20056016883094002,phos_min,0.127456354
V16,Varari,22,11,11,0.0840419150082921,0.8148716223243783,15.83359355862115,0.044114596103851045,0.031022810399260657,0.1435369615522235,0.26599940873906447,0.20056016883094002,NN_min,0.087811031
V16,Varari,22,11,11,0.0840419150082921,0.8148716223243783,15.83359355862115,0.044114596103851045,0.031022810399260657,0.1435369615522235,0.26599940873906447,0.20056016883094002,silicate_min,0.66
V16,Varari,22,11,11,0.0840419150082921,0.8148716223243783,15.83359355862115,0.044114596103851045,0.031022810399260657,0.1435369615522235,0.26599940873906447,0.20056016883094002,ammonia_min,0.178217084
V17,Varari,7,3,4,0.2797397859191398,0.8050158653581062,16.191468597791744,0.04748594167576203,0.050281695699147456,0.2599511185428,1.8304809979700938,5.694071074859985,sal_min,36.02
V17,Varari,7,3,4,0.2797397859191398,0.8050158653581062,16.191468597791744,0.04748594167576203,0.050281695699147456,0.2599511185428,1.8304809979700938,5.694071074859985,temp_min,26.98
V17,Varari,7,3,4,0.2797397859191398,0.8050158653581062,16.191468597791744,0.04748594167576203,0.050281695699147456,0.2599511185428,1.8304809979700938,5.694071074859985,TA_min,2314.889032
V17,Varari,7,3,4,0.2797397859191398,0.8050158653581062,16.191468597791744,0.04748594167576203,0.050281695699147456,0.2599511185428,1.8304809979700938,5.694071074859985,pH_min,7.921680295
V17,Varari,7,3,4,0.2797397859191398,0.8050158653581062,16.191468597791744,0.04748594167576203,0.050281695699147456,0.2599511185428,1.8304809979700938,5.694071074859985,phos_min,0.141331966
V17,Varari,7,3,4,0.2797397859191398,0.8050158653581062,16.191468597791744,0.04748594167576203,0.050281695699147456,0.2599511185428,1.8304809979700938,5.694071074859985,NN_min,0.156130402
V17,Varari,7,3,4,0.2797397859191398,0.8050158653581062,16.191468597791744,0.04748594167576203,0.050281695699147456,0.2599511185428,1.8304809979700938,5.694071074859985,silicate_min,1.25
V17,Varari,7,3,4,0.2797397859191398,0.8050158653581062,16.191468597791744,0.04748594167576203,0.050281695699147456,0.2599511185428,1.8304809979700938,5.694071074859985,ammonia_min,0.187577982
V18,Varari,13,10,3,0.2189550281400861,0.7417008215551952,17.165986016144657,0.04884402009685281,0.05001730656824964,0.29661869469764907,2.906648355513581,1.3446488051170686,sal_min,36
V18,Varari,13,10,3,0.2189550281400861,0.7417008215551952,17.165986016144657,0.04884402009685281,0.05001730656824964,0.29661869469764907,2.906648355513581,1.3446488051170686,temp_min,27.01
V18,Varari,13,10,3,0.2189550281400861,0.7417008215551952,17.165986016144657,0.04884402009685281,0.05001730656824964,0.29661869469764907,2.906648355513581,1.3446488051170686,TA_min,2320.524277
V18,Varari,13,10,3,0.2189550281400861,0.7417008215551952,17.165986016144657,0.04884402009685281,0.05001730656824964,0.29661869469764907,2.906648355513581,1.3446488051170686,pH_min,7.934220318
V18,Varari,13,10,3,0.2189550281400861,0.7417008215551952,17.165986016144657,0.04884402009685281,0.05001730656824964,0.29661869469764907,2.906648355513581,1.3446488051170686,phos_min,0.141192746
V18,Varari,13,10,3,0.2189550281400861,0.7417008215551952,17.165986016144657,0.04884402009685281,0.05001730656824964,0.29661869469764907,2.906648355513581,1.3446488051170686,NN_min,0.110343805
V18,Varari,13,10,3,0.2189550281400861,0.7417008215551952,17.165986016144657,0.04884402009685281,0.05001730656824964,0.29661869469764907,2.906648355513581,1.3446488051170686,silicate_min,0.858814892
V18,Varari,13,10,3,0.2189550281400861,0.7417008215551952,17.165986016144657,0.04884402009685281,0.05001730656824964,0.29661869469764907,2.906648355513581,1.3446488051170686,ammonia_min,0.164055727
V19,Varari,5,2,3,0.11486286719766908,0.9078273753738989,19.099999405595067,0.04680453951694216,0.03750415779743453,0.14871091662029715,0.21401369497857348,0.26380056931444756,sal_min,36.27
V19,Varari,5,2,3,0.11486286719766908,0.9078273753738989,19.099999405595067,0.04680453951694216,0.03750415779743453,0.14871091662029715,0.21401369497857348,0.26380056931444756,temp_min,26.74
V19,Varari,5,2,3,0.11486286719766908,0.9078273753738989,19.099999405595067,0.04680453951694216,0.03750415779743453,0.14871091662029715,0.21401369497857348,0.26380056931444756,TA_min,2317.13505
V19,Varari,5,2,3,0.11486286719766908,0.9078273753738989,19.099999405595067,0.04680453951694216,0.03750415779743453,0.14871091662029715,0.21401369497857348,0.26380056931444756,pH_min,7.950193418
V19,Varari,5,2,3,0.11486286719766908,0.9078273753738989,19.099999405595067,0.04680453951694216,0.03750415779743453,0.14871091662029715,0.21401369497857348,0.26380056931444756,phos_min,0.11887111
V19,Varari,5,2,3,0.11486286719766908,0.9078273753738989,19.099999405595067,0.04680453951694216,0.03750415779743453,0.14871091662029715,0.21401369497857348,0.26380056931444756,NN_min,0.067080879
V19,Varari,5,2,3,0.11486286719766908,0.9078273753738989,19.099999405595067,0.04680453951694216,0.03750415779743453,0.14871091662029715,0.21401369497857348,0.26380056931444756,silicate_min,0.7
V19,Varari,5,2,3,0.11486286719766908,0.9078273753738989,19.099999405595067,0.04680453951694216,0.03750415779743453,0.14871091662029715,0.21401369497857348,0.26380056931444756,ammonia_min,0.14
V2,Varari,96,52,44,0.16199838968603741,0.7124605252222755,11.897144459349278,0.049848276043686496,0.03413576978068539,0.24242108156481768,1.6188052757269282,0.7131072334632079,sal_min,36.09
V2,Varari,96,52,44,0.16199838968603741,0.7124605252222755,11.897144459349278,0.049848276043686496,0.03413576978068539,0.24242108156481768,1.6188052757269282,0.7131072334632079,temp_min,27.15
V2,Varari,96,52,44,0.16199838968603741,0.7124605252222755,11.897144459349278,0.049848276043686496,0.03413576978068539,0.24242108156481768,1.6188052757269282,0.7131072334632079,TA_min,2328.302637
V2,Varari,96,52,44,0.16199838968603741,0.7124605252222755,11.897144459349278,0.049848276043686496,0.03413576978068539,0.24242108156481768,1.6188052757269282,0.7131072334632079,pH_min,7.925236768
V2,Varari,96,52,44,0.16199838968603741,0.7124605252222755,11.897144459349278,0.049848276043686496,0.03413576978068539,0.24242108156481768,1.6188052757269282,0.7131072334632079,phos_min,0.147550467
V2,Varari,96,52,44,0.16199838968603741,0.7124605252222755,11.897144459349278,0.049848276043686496,0.03413576978068539,0.24242108156481768,1.6188052757269282,0.7131072334632079,NN_min,0.232831964
V2,Varari,96,52,44,0.16199838968603741,0.7124605252222755,11.897144459349278,0.049848276043686496,0.03413576978068539,0.24242108156481768,1.6188052757269282,0.7131072334632079,silicate_min,0.92
V2,Varari,96,52,44,0.16199838968603741,0.7124605252222755,11.897144459349278,0.049848276043686496,0.03413576978068539,0.24242108156481768,1.6188052757269282,0.7131072334632079,ammonia_min,0.163935715
V20,Varari,4,4,0,0.11595773217933293,0.8330369400442335,18.60526051549644,0.05183896611636064,0.03870147985009983,0.16275207663208285,0.3530342176954396,0.10882671083736468,sal_min,36.29
V20,Varari,4,4,0,0.11595773217933293,0.8330369400442335,18.60526051549644,0.05183896611636064,0.03870147985009983,0.16275207663208285,0.3530342176954396,0.10882671083736468,temp_min,27.01
V20,Varari,4,4,0,0.11595773217933293,0.8330369400442335,18.60526051549644,0.05183896611636064,0.03870147985009983,0.16275207663208285,0.3530342176954396,0.10882671083736468,TA_min,2316.749816
V20,Varari,4,4,0,0.11595773217933293,0.8330369400442335,18.60526051549644,0.05183896611636064,0.03870147985009983,0.16275207663208285,0.3530342176954396,0.10882671083736468,pH_min,7.930857652
V20,Varari,4,4,0,0.11595773217933293,0.8330369400442335,18.60526051549644,0.05183896611636064,0.03870147985009983,0.16275207663208285,0.3530342176954396,0.10882671083736468,phos_min,0.147596874
V20,Varari,4,4,0,0.11595773217933293,0.8330369400442335,18.60526051549644,0.05183896611636064,0.03870147985009983,0.16275207663208285,0.3530342176954396,0.10882671083736468,NN_min,0.119176652
V20,Varari,4,4,0,0.11595773217933293,0.8330369400442335,18.60526051549644,0.05183896611636064,0.03870147985009983,0.16275207663208285,0.3530342176954396,0.10882671083736468,silicate_min,0.75
V20,Varari,4,4,0,0.11595773217933293,0.8330369400442335,18.60526051549644,0.05183896611636064,0.03870147985009983,0.16275207663208285,0.3530342176954396,0.10882671083736468,ammonia_min,0.15511487
V3,Varari,2,2,0,0.09685777496633266,0.6532577701686476,13.130235974958772,0.055907057720444256,0.0382975673095595,0.20322482625856472,0.9065181043121094,0.12985950751124098,sal_min,36.35
V3,Varari,2,2,0,0.09685777496633266,0.6532577701686476,13.130235974958772,0.055907057720444256,0.0382975673095595,0.20322482625856472,0.9065181043121094,0.12985950751124098,temp_min,27.27
V3,Varari,2,2,0,0.09685777496633266,0.6532577701686476,13.130235974958772,0.055907057720444256,0.0382975673095595,0.20322482625856472,0.9065181043121094,0.12985950751124098,TA_min,2343.713051
V3,Varari,2,2,0,0.09685777496633266,0.6532577701686476,13.130235974958772,0.055907057720444256,0.0382975673095595,0.20322482625856472,0.9065181043121094,0.12985950751124098,pH_min,7.917425626
V3,Varari,2,2,0,0.09685777496633266,0.6532577701686476,13.130235974958772,0.055907057720444256,0.0382975673095595,0.20322482625856472,0.9065181043121094,0.12985950751124098,phos_min,0.112838235
V3,Varari,2,2,0,0.09685777496633266,0.6532577701686476,13.130235974958772,0.055907057720444256,0.0382975673095595,0.20322482625856472,0.9065181043121094,0.12985950751124098,NN_min,0.17487767
V3,Varari,2,2,0,0.09685777496633266,0.6532577701686476,13.130235974958772,0.055907057720444256,0.0382975673095595,0.20322482625856472,0.9065181043121094,0.12985950751124098,silicate_min,0.940740334
V3,Varari,2,2,0,0.09685777496633266,0.6532577701686476,13.130235974958772,0.055907057720444256,0.0382975673095595,0.20322482625856472,0.9065181043121094,0.12985950751124098,ammonia_min,0.223401416
V4,Varari,27,17,10,0.07185810292876989,0.7307708854056245,17.49694082863594,0.043181448014279616,0.04535722357078008,0.291432057138402,0.7106091950596021,0.2744221023091614,sal_min,36.4
V4,Varari,27,17,10,0.07185810292876989,0.7307708854056245,17.49694082863594,0.043181448014279616,0.04535722357078008,0.291432057138402,0.7106091950596021,0.2744221023091614,temp_min,27.1
V4,Varari,27,17,10,0.07185810292876989,0.7307708854056245,17.49694082863594,0.043181448014279616,0.04535722357078008,0.291432057138402,0.7106091950596021,0.2744221023091614,TA_min,2320.14392
V4,Varari,27,17,10,0.07185810292876989,0.7307708854056245,17.49694082863594,0.043181448014279616,0.04535722357078008,0.291432057138402,0.7106091950596021,0.2744221023091614,pH_min,7.948435473
V4,Varari,27,17,10,0.07185810292876989,0.7307708854056245,17.49694082863594,0.043181448014279616,0.04535722357078008,0.291432057138402,0.7106091950596021,0.2744221023091614,phos_min,0.128152455
V4,Varari,27,17,10,0.07185810292876989,0.7307708854056245,17.49694082863594,0.043181448014279616,0.04535722357078008,0.291432057138402,0.7106091950596021,0.2744221023091614,NN_min,0.184071041
V4,Varari,27,17,10,0.07185810292876989,0.7307708854056245,17.49694082863594,0.043181448014279616,0.04535722357078008,0.291432057138402,0.7106091950596021,0.2744221023091614,silicate_min,0.84
V4,Varari,27,17,10,0.07185810292876989,0.7307708854056245,17.49694082863594,0.043181448014279616,0.04535722357078008,0.291432057138402,0.7106091950596021,0.2744221023091614,ammonia_min,0.132552707
V5,Varari,44,26,18,0.11802726287857743,0.7967433714816838,15.765100858051266,0.04446121073036412,0.03933429098658317,0.2729745195167998,1.5226199790202137,0.14701126835386283,sal_min,36.23
V5,Varari,44,26,18,0.11802726287857743,0.7967433714816838,15.765100858051266,0.04446121073036412,0.03933429098658317,0.2729745195167998,1.5226199790202137,0.14701126835386283,temp_min,26.97
V5,Varari,44,26,18,0.11802726287857743,0.7967433714816838,15.765100858051266,0.04446121073036412,0.03933429098658317,0.2729745195167998,1.5226199790202137,0.14701126835386283,TA_min,2321.38849
V5,Varari,44,26,18,0.11802726287857743,0.7967433714816838,15.765100858051266,0.04446121073036412,0.03933429098658317,0.2729745195167998,1.5226199790202137,0.14701126835386283,pH_min,7.946261267
V5,Varari,44,26,18,0.11802726287857743,0.7967433714816838,15.765100858051266,0.04446121073036412,0.03933429098658317,0.2729745195167998,1.5226199790202137,0.14701126835386283,phos_min,0.116086706
V5,Varari,44,26,18,0.11802726287857743,0.7967433714816838,15.765100858051266,0.04446121073036412,0.03933429098658317,0.2729745195167998,1.5226199790202137,0.14701126835386283,NN_min,0.135219987
V5,Varari,44,26,18,0.11802726287857743,0.7967433714816838,15.765100858051266,0.04446121073036412,0.03933429098658317,0.2729745195167998,1.5226199790202137,0.14701126835386283,silicate_min,0.86
V5,Varari,44,26,18,0.11802726287857743,0.7967433714816838,15.765100858051266,0.04446121073036412,0.03933429098658317,0.2729745195167998,1.5226199790202137,0.14701126835386283,ammonia_min,0.04
V6,Varari,32,18,14,0.09358790334318742,0.6957874019380149,27.60236073712157,0.05131593937282716,0.03207350638536824,0.2340774236888487,1.4502099953570151,0.11238356035247773,sal_min,36.31
V6,Varari,32,18,14,0.09358790334318742,0.6957874019380149,27.60236073712157,0.05131593937282716,0.03207350638536824,0.2340774236888487,1.4502099953570151,0.11238356035247773,temp_min,27.24
V6,Varari,32,18,14,0.09358790334318742,0.6957874019380149,27.60236073712157,0.05131593937282716,0.03207350638536824,0.2340774236888487,1.4502099953570151,0.11238356035247773,TA_min,2322.780484
V6,Varari,32,18,14,0.09358790334318742,0.6957874019380149,27.60236073712157,0.05131593937282716,0.03207350638536824,0.2340774236888487,1.4502099953570151,0.11238356035247773,pH_min,7.916228541
V6,Varari,32,18,14,0.09358790334318742,0.6957874019380149,27.60236073712157,0.05131593937282716,0.03207350638536824,0.2340774236888487,1.4502099953570151,0.11238356035247773,phos_min,0.141610406
V6,Varari,32,18,14,0.09358790334318742,0.6957874019380149,27.60236073712157,0.05131593937282716,0.03207350638536824,0.2340774236888487,1.4502099953570151,0.11238356035247773,NN_min,0.134498939
V6,Varari,32,18,14,0.09358790334318742,0.6957874019380149,27.60236073712157,0.05131593937282716,0.03207350638536824,0.2340774236888487,1.4502099953570151,0.11238356035247773,silicate_min,1.05
V6,Varari,32,18,14,0.09358790334318742,0.6957874019380149,27.60236073712157,0.05131593937282716,0.03207350638536824,0.2340774236888487,1.4502099953570151,0.11238356035247773,ammonia_min,0.12
V7,Varari,16,4,12,0.10037785754694246,0.7754178597007279,12.728635214566042,0.05554615408007598,0.034644261079673264,0.25634895039894884,1.4588186538102401,0.17138480973875417,sal_min,36.26
V7,Varari,16,4,12,0.10037785754694246,0.7754178597007279,12.728635214566042,0.05554615408007598,0.034644261079673264,0.25634895039894884,1.4588186538102401,0.17138480973875417,temp_min,27.08
V7,Varari,16,4,12,0.10037785754694246,0.7754178597007279,12.728635214566042,0.05554615408007598,0.034644261079673264,0.25634895039894884,1.4588186538102401,0.17138480973875417,TA_min,2337.447513
V7,Varari,16,4,12,0.10037785754694246,0.7754178597007279,12.728635214566042,0.05554615408007598,0.034644261079673264,0.25634895039894884,1.4588186538102401,0.17138480973875417,pH_min,7.913070487
V7,Varari,16,4,12,0.10037785754694246,0.7754178597007279,12.728635214566042,0.05554615408007598,0.034644261079673264,0.25634895039894884,1.4588186538102401,0.17138480973875417,phos_min,0.148432195
V7,Varari,16,4,12,0.10037785754694246,0.7754178597007279,12.728635214566042,0.05554615408007598,0.034644261079673264,0.25634895039894884,1.4588186538102401,0.17138480973875417,NN_min,0.168388231
V7,Varari,16,4,12,0.10037785754694246,0.7754178597007279,12.728635214566042,0.05554615408007598,0.034644261079673264,0.25634895039894884,1.4588186538102401,0.17138480973875417,silicate_min,1.01
V7,Varari,16,4,12,0.10037785754694246,0.7754178597007279,12.728635214566042,0.05554615408007598,0.034644261079673264,0.25634895039894884,1.4588186538102401,0.17138480973875417,ammonia_min,0.162075537
V8,Varari,2,2,0,0.18319180967072451,0.8361402004344777,15.387927891146647,0.049393320460867425,0.034423608132761914,0.35029667757416694,2.364847113920169,0.1318866805597845,sal_min,36.04
V8,Varari,2,2,0,0.18319180967072451,0.8361402004344777,15.387927891146647,0.049393320460867425,0.034423608132761914,0.35029667757416694,2.364847113920169,0.1318866805597845,temp_min,27.03
V8,Varari,2,2,0,0.18319180967072451,0.8361402004344777,15.387927891146647,0.049393320460867425,0.034423608132761914,0.35029667757416694,2.364847113920169,0.1318866805597845,TA_min,2321.38849
V8,Varari,2,2,0,0.18319180967072451,0.8361402004344777,15.387927891146647,0.049393320460867425,0.034423608132761914,0.35029667757416694,2.364847113920169,0.1318866805597845,pH_min,7.93021162
V8,Varari,2,2,0,0.18319180967072451,0.8361402004344777,15.387927891146647,0.049393320460867425,0.034423608132761914,0.35029667757416694,2.364847113920169,0.1318866805597845,phos_min,0.145415758
V8,Varari,2,2,0,0.18319180967072451,0.8361402004344777,15.387927891146647,0.049393320460867425,0.034423608132761914,0.35029667757416694,2.364847113920169,0.1318866805597845,NN_min,0.169830328
V8,Varari,2,2,0,0.18319180967072451,0.8361402004344777,15.387927891146647,0.049393320460867425,0.034423608132761914,0.35029667757416694,2.364847113920169,0.1318866805597845,silicate_min,0.77
V8,Varari,2,2,0,0.18319180967072451,0.8361402004344777,15.387927891146647,0.049393320460867425,0.034423608132761914,0.35029667757416694,2.364847113920169,0.1318866805597845,ammonia_min,0.13123258
V9,Varari,19,11,8,0.0838379648359029,0.8124801000907522,16.09601764284366,0.04956427278700066,0.04131907978991586,0.20032977635827917,0.45231006946240704,0.09799777138259506,sal_min,36.38
V9,Varari,19,11,8,0.0838379648359029,0.8124801000907522,16.09601764284366,0.04956427278700066,0.04131907978991586,0.20032977635827917,0.45231006946240704,0.09799777138259506,temp_min,27.16
V9,Varari,19,11,8,0.0838379648359029,0.8124801000907522,16.09601764284366,0.04956427278700066,0.04131907978991586,0.20032977635827917,0.45231006946240704,0.09799777138259506,TA_min,2318.333575
V9,Varari,19,11,8,0.0838379648359029,0.8124801000907522,16.09601764284366,0.04956427278700066,0.04131907978991586,0.20032977635827917,0.45231006946240704,0.09799777138259506,pH_min,7.93202266
V9,Varari,19,11,8,0.0838379648359029,0.8124801000907522,16.09601764284366,0.04956427278700066,0.04131907978991586,0.20032977635827917,0.45231006946240704,0.09799777138259506,phos_min,0.131586553
V9,Varari,19,11,8,0.0838379648359029,0.8124801000907522,16.09601764284366,0.04956427278700066,0.04131907978991586,0.20032977635827917,0.45231006946240704,0.09799777138259506,NN_min,0.105927381
V9,Varari,19,11,8,0.0838379648359029,0.8124801000907522,16.09601764284366,0.04956427278700066,0.04131907978991586,0.20032977635827917,0.45231006946240704,0.09799777138259506,silicate_min,0.97
V9,Varari,19,11,8,0.0838379648359029,0.8124801000907522,16.09601764284366,0.04956427278700066,0.04131907978991586,0.20032977635827917,0.45231006946240704,0.09799777138259506,ammonia_min,0.163515675
