Location,CowTagID,Sand,HardSubstrate,sum_total,sum_total_dead,sum_total_alive,sal_sd,temp_sd,TA_sd,pH_sd,phos_sd,NN_sd,silicate_sd,ammonia_sd,CVenv_params,CV_value
Cabral,C1,2.336448598,97.6635514,29,14,15,0.22348963968743388,0.9946140672930099,35.79380327880627,0.07466597387158648,0.036033206138284736,0.8395357852323302,1.4553564695425518,0.2605854933827642,sal_CV,6.166689573148477e-5
Cabral,C1,2.336448598,97.6635514,29,14,15,0.22348963968743388,0.9946140672930099,35.79380327880627,0.07466597387158648,0.036033206138284736,0.8395357852323302,1.4553564695425518,0.2605854933827642,temp_CV,3.5601853503022444e-4
Cabral,C1,2.336448598,97.6635514,29,14,15,0.22348963968743388,0.9946140672930099,35.79380327880627,0.07466597387158648,0.036033206138284736,0.8395357852323302,1.4553564695425518,0.2605854933827642,TA_CV,1.549340140695635e-4
Cabral,C1,2.336448598,97.6635514,29,14,15,0.22348963968743388,0.9946140672930099,35.79380327880627,0.07466597387158648,0.036033206138284736,0.8395357852323302,1.4553564695425518,0.2605854933827642,pH_CV,9.361052344775761e-5
Cabral,C1,2.336448598,97.6635514,29,14,15,0.22348963968743388,0.9946140672930099,35.79380327880627,0.07466597387158648,0.036033206138284736,0.8395357852323302,1.4553564695425518,0.2605854933827642,phos_CV,0.0021052691517639676
Cabral,C1,2.336448598,97.6635514,29,14,15,0.22348963968743388,0.9946140672930099,35.79380327880627,0.07466597387158648,0.036033206138284736,0.8395357852323302,1.4553564695425518,0.2605854933827642,NN_CV,0.012417820404784856
Cabral,C1,2.336448598,97.6635514,29,14,15,0.22348963968743388,0.9946140672930099,35.79380327880627,0.07466597387158648,0.036033206138284736,0.8395357852323302,1.4553564695425518,0.2605854933827642,silicate_CV,0.0031133297401219778
Cabral,C1,2.336448598,97.6635514,29,14,15,0.22348963968743388,0.9946140672930099,35.79380327880627,0.07466597387158648,0.036033206138284736,0.8395357852323302,1.4553564695425518,0.2605854933827642,ammonia_CV,0.008537027517735912
Cabral,C10,92.27272727,7.727272728,11,8,3,0.15473479616058314,1.0306369389848193,31.329967122818854,0.0711044242658693,0.034243931136736176,0.06874487266817599,1.3024493521044238,0.24531750602085525,sal_CV,4.262666560897607e-5
Cabral,C10,92.27272727,7.727272728,11,8,3,0.15473479616058314,1.0306369389848193,31.329967122818854,0.0711044242658693,0.034243931136736176,0.06874487266817599,1.3024493521044238,0.24531750602085525,temp_CV,3.617380560645178e-4
Cabral,C10,92.27272727,7.727272728,11,8,3,0.15473479616058314,1.0306369389848193,31.329967122818854,0.0711044242658693,0.034243931136736176,0.06874487266817599,1.3024493521044238,0.24531750602085525,TA_CV,1.3657704333790396e-4
Cabral,C10,92.27272727,7.727272728,11,8,3,0.15473479616058314,1.0306369389848193,31.329967122818854,0.0711044242658693,0.034243931136736176,0.06874487266817599,1.3024493521044238,0.24531750602085525,pH_CV,8.92119323248942e-5
Cabral,C10,92.27272727,7.727272728,11,8,3,0.15473479616058314,1.0306369389848193,31.329967122818854,0.0711044242658693,0.034243931136736176,0.06874487266817599,1.3024493521044238,0.24531750602085525,phos_CV,0.0018341435379514784
Cabral,C10,92.27272727,7.727272728,11,8,3,0.15473479616058314,1.0306369389848193,31.329967122818854,0.0711044242658693,0.034243931136736176,0.06874487266817599,1.3024493521044238,0.24531750602085525,NN_CV,0.0016805221296999377
Cabral,C10,92.27272727,7.727272728,11,8,3,0.15473479616058314,1.0306369389848193,31.329967122818854,0.0711044242658693,0.034243931136736176,0.06874487266817599,1.3024493521044238,0.24531750602085525,silicate_CV,0.002789882918942176
Cabral,C10,92.27272727,7.727272728,11,8,3,0.15473479616058314,1.0306369389848193,31.329967122818854,0.0711044242658693,0.034243931136736176,0.06874487266817599,1.3024493521044238,0.24531750602085525,ammonia_CV,0.006091940624418392
Cabral,C11,5.11627907,94.883720932,2,1,1,0.16269493801941998,0.9413506633707606,28.88411936225931,0.0715196049376628,0.02579927657845955,0.24001999468384025,0.9269425851331892,0.30965884450411835,sal_CV,4.471944697321284e-5
Cabral,C11,5.11627907,94.883720932,2,1,1,0.16269493801941998,0.9413506633707606,28.88411936225931,0.0715196049376628,0.02579927657845955,0.24001999468384025,0.9269425851331892,0.30965884450411835,temp_CV,3.2815396343919493e-4
Cabral,C11,5.11627907,94.883720932,2,1,1,0.16269493801941998,0.9413506633707606,28.88411936225931,0.0715196049376628,0.02579927657845955,0.24001999468384025,0.9269425851331892,0.30965884450411835,TA_CV,1.2496401387059177e-4
Cabral,C11,5.11627907,94.883720932,2,1,1,0.16269493801941998,0.9413506633707606,28.88411936225931,0.0715196049376628,0.02579927657845955,0.24001999468384025,0.9269425851331892,0.30965884450411835,pH_CV,8.963929025187488e-5
Cabral,C11,5.11627907,94.883720932,2,1,1,0.16269493801941998,0.9413506633707606,28.88411936225931,0.0715196049376628,0.02579927657845955,0.24001999468384025,0.9269425851331892,0.30965884450411835,phos_CV,0.0012278257823060074
Cabral,C11,5.11627907,94.883720932,2,1,1,0.16269493801941998,0.9413506633707606,28.88411936225931,0.0715196049376628,0.02579927657845955,0.24001999468384025,0.9269425851331892,0.30965884450411835,NN_CV,0.003306333661726833
Cabral,C11,5.11627907,94.883720932,2,1,1,0.16269493801941998,0.9413506633707606,28.88411936225931,0.0715196049376628,0.02579927657845955,0.24001999468384025,0.9269425851331892,0.30965884450411835,silicate_CV,0.003165489248144784
Cabral,C11,5.11627907,94.883720932,2,1,1,0.16269493801941998,0.9413506633707606,28.88411936225931,0.0715196049376628,0.02579927657845955,0.24001999468384025,0.9269425851331892,0.30965884450411835,ammonia_CV,0.009856253238682361
Cabral,C12,0.45045045,99.54954953999999,86,48,38,NA,NA,NA,NA,0.03738860639943917,0.4991936475448607,1.183654939829662,0.2726100936665168,sal_CV,NA
Cabral,C12,0.45045045,99.54954953999999,86,48,38,NA,NA,NA,NA,0.03738860639943917,0.4991936475448607,1.183654939829662,0.2726100936665168,temp_CV,NA
Cabral,C12,0.45045045,99.54954953999999,86,48,38,NA,NA,NA,NA,0.03738860639943917,0.4991936475448607,1.183654939829662,0.2726100936665168,TA_CV,NA
Cabral,C12,0.45045045,99.54954953999999,86,48,38,NA,NA,NA,NA,0.03738860639943917,0.4991936475448607,1.183654939829662,0.2726100936665168,pH_CV,NA
Cabral,C12,0.45045045,99.54954953999999,86,48,38,NA,NA,NA,NA,0.03738860639943917,0.4991936475448607,1.183654939829662,0.2726100936665168,phos_CV,0.0017443309001505113
Cabral,C12,0.45045045,99.54954953999999,86,48,38,NA,NA,NA,NA,0.03738860639943917,0.4991936475448607,1.183654939829662,0.2726100936665168,NN_CV,0.0056000157619661315
Cabral,C12,0.45045045,99.54954953999999,86,48,38,NA,NA,NA,NA,0.03738860639943917,0.4991936475448607,1.183654939829662,0.2726100936665168,silicate_CV,0.004608525804142309
Cabral,C12,0.45045045,99.54954953999999,86,48,38,NA,NA,NA,NA,0.03738860639943917,0.4991936475448607,1.183654939829662,0.2726100936665168,ammonia_CV,0.009175973286560595
Cabral,C13,3.196347032,96.803652968,16,13,3,0.39218936752543504,1.464357489530086,42.91378796086517,0.1048812553584589,0.04189866954620228,0.2126535244235386,1.0842347852186556,0.3416634534976426,sal_CV,1.0830594567308089e-4
Cabral,C13,3.196347032,96.803652968,16,13,3,0.39218936752543504,1.464357489530086,42.91378796086517,0.1048812553584589,0.04189866954620228,0.2126535244235386,1.0842347852186556,0.3416634534976426,temp_CV,5.124610637025673e-4
Cabral,C13,3.196347032,96.803652968,16,13,3,0.39218936752543504,1.464357489530086,42.91378796086517,0.1048812553584589,0.04189866954620228,0.2126535244235386,1.0842347852186556,0.3416634534976426,TA_CV,1.875741858838153e-4
Cabral,C13,3.196347032,96.803652968,16,13,3,0.39218936752543504,1.464357489530086,42.91378796086517,0.1048812553584589,0.04189866954620228,0.2126535244235386,1.0842347852186556,0.3416634534976426,pH_CV,1.3237329176060317e-4
Cabral,C13,3.196347032,96.803652968,16,13,3,0.39218936752543504,1.464357489530086,42.91378796086517,0.1048812553584589,0.04189866954620228,0.2126535244235386,1.0842347852186556,0.3416634534976426,phos_CV,0.0019807569776759686
Cabral,C13,3.196347032,96.803652968,16,13,3,0.39218936752543504,1.464357489530086,42.91378796086517,0.1048812553584589,0.04189866954620228,0.2126535244235386,1.0842347852186556,0.3416634534976426,NN_CV,0.0028716342732949375
Cabral,C13,3.196347032,96.803652968,16,13,3,0.39218936752543504,1.464357489530086,42.91378796086517,0.1048812553584589,0.04189866954620228,0.2126535244235386,1.0842347852186556,0.3416634534976426,silicate_CV,0.0021976856243348854
Cabral,C13,3.196347032,96.803652968,16,13,3,0.39218936752543504,1.464357489530086,42.91378796086517,0.1048812553584589,0.04189866954620228,0.2126535244235386,1.0842347852186556,0.3416634534976426,ammonia_CV,0.009646295890386125
Cabral,C15,0.456621005,99.543379001,14,7,7,0.20559669258040134,1.501461510218183,18.014719724444575,0.08041841974603922,0.020205855169600963,0.23410005098441244,0.4575290347615908,0.22436366259872262,sal_CV,5.633557818342276e-5
Cabral,C15,0.456621005,99.543379001,14,7,7,0.20559669258040134,1.501461510218183,18.014719724444575,0.08041841974603922,0.020205855169600963,0.23410005098441244,0.4575290347615908,0.22436366259872262,temp_CV,5.178048661518046e-4
Cabral,C15,0.456621005,99.543379001,14,7,7,0.20559669258040134,1.501461510218183,18.014719724444575,0.08041841974603922,0.020205855169600963,0.23410005098441244,0.4575290347615908,0.22436366259872262,TA_CV,7.775088560421826e-5
Cabral,C15,0.456621005,99.543379001,14,7,7,0.20559669258040134,1.501461510218183,18.014719724444575,0.08041841974603922,0.020205855169600963,0.23410005098441244,0.4575290347615908,0.22436366259872262,pH_CV,1.0079068655582357e-4
Cabral,C15,0.456621005,99.543379001,14,7,7,0.20559669258040134,1.501461510218183,18.014719724444575,0.08041841974603922,0.020205855169600963,0.23410005098441244,0.4575290347615908,0.22436366259872262,phos_CV,9.484770993047743e-4
Cabral,C15,0.456621005,99.543379001,14,7,7,0.20559669258040134,1.501461510218183,18.014719724444575,0.08041841974603922,0.020205855169600963,0.23410005098441244,0.4575290347615908,0.22436366259872262,NN_CV,0.0029301513756852114
Cabral,C15,0.456621005,99.543379001,14,7,7,0.20559669258040134,1.501461510218183,18.014719724444575,0.08041841974603922,0.020205855169600963,0.23410005098441244,0.4575290347615908,0.22436366259872262,silicate_CV,0.002605220938640347
Cabral,C15,0.456621005,99.543379001,14,7,7,0.20559669258040134,1.501461510218183,18.014719724444575,0.08041841974603922,0.020205855169600963,0.23410005098441244,0.4575290347615908,0.22436366259872262,ammonia_CV,0.006617848291142756
Cabral,C16,29.51289398,70.48710602,10,3,7,0.3270621391374166,0.8649153550657839,24.426634331803662,0.08653509053272819,0.01730432162659531,0.1572092144203993,2.2210949713025876,0.35743721903918224,sal_CV,8.998511239465326e-5
Cabral,C16,29.51289398,70.48710602,10,3,7,0.3270621391374166,0.8649153550657839,24.426634331803662,0.08653509053272819,0.01730432162659531,0.1572092144203993,2.2210949713025876,0.35743721903918224,temp_CV,3.081554663100682e-4
Cabral,C16,29.51289398,70.48710602,10,3,7,0.3270621391374166,0.8649153550657839,24.426634331803662,0.08653509053272819,0.01730432162659531,0.1572092144203993,2.2210949713025876,0.35743721903918224,TA_CV,1.0567194265909943e-4
Cabral,C16,29.51289398,70.48710602,10,3,7,0.3270621391374166,0.8649153550657839,24.426634331803662,0.08653509053272819,0.01730432162659531,0.1572092144203993,2.2210949713025876,0.35743721903918224,pH_CV,1.0854008929125199e-4
Cabral,C16,29.51289398,70.48710602,10,3,7,0.3270621391374166,0.8649153550657839,24.426634331803662,0.08653509053272819,0.01730432162659531,0.1572092144203993,2.2210949713025876,0.35743721903918224,phos_CV,8.849051190168679e-4
Cabral,C16,29.51289398,70.48710602,10,3,7,0.3270621391374166,0.8649153550657839,24.426634331803662,0.08653509053272819,0.01730432162659531,0.1572092144203993,2.2210949713025876,0.35743721903918224,NN_CV,0.0030580532432916913
Cabral,C16,29.51289398,70.48710602,10,3,7,0.3270621391374166,0.8649153550657839,24.426634331803662,0.08653509053272819,0.01730432162659531,0.1572092144203993,2.2210949713025876,0.35743721903918224,silicate_CV,0.0067785222066075535
Cabral,C16,29.51289398,70.48710602,10,3,7,0.3270621391374166,0.8649153550657839,24.426634331803662,0.08653509053272819,0.01730432162659531,0.1572092144203993,2.2210949713025876,0.35743721903918224,ammonia_CV,0.00969976726016336
Cabral,C17,39.02439024,60.975609752000004,42,29,13,0.2204540768504861,0.9064835905850694,31.693101752961994,0.07147204720003665,0.04375435021411219,0.12484578885648259,1.9704898105001112,0.3912255573340882,sal_CV,6.0714424910626854e-5
Cabral,C17,39.02439024,60.975609752000004,42,29,13,0.2204540768504861,0.9064835905850694,31.693101752961994,0.07147204720003665,0.04375435021411219,0.12484578885648259,1.9704898105001112,0.3912255573340882,temp_CV,3.236718913046443e-4
Cabral,C17,39.02439024,60.975609752000004,42,29,13,0.2204540768504861,0.9064835905850694,31.693101752961994,0.07147204720003665,0.04375435021411219,0.12484578885648259,1.9704898105001112,0.3912255573340882,TA_CV,1.3794170537748853e-4
Cabral,C17,39.02439024,60.975609752000004,42,29,13,0.2204540768504861,0.9064835905850694,31.693101752961994,0.07147204720003665,0.04375435021411219,0.12484578885648259,1.9704898105001112,0.3912255573340882,pH_CV,8.957269408647939e-5
Cabral,C17,39.02439024,60.975609752000004,42,29,13,0.2204540768504861,0.9064835905850694,31.693101752961994,0.07147204720003665,0.04375435021411219,0.12484578885648259,1.9704898105001112,0.3912255573340882,phos_CV,0.0023275627559204027
Cabral,C17,39.02439024,60.975609752000004,42,29,13,0.2204540768504861,0.9064835905850694,31.693101752961994,0.07147204720003665,0.04375435021411219,0.12484578885648259,1.9704898105001112,0.3912255573340882,NN_CV,0.0034120033701572623
Cabral,C17,39.02439024,60.975609752000004,42,29,13,0.2204540768504861,0.9064835905850694,31.693101752961994,0.07147204720003665,0.04375435021411219,0.12484578885648259,1.9704898105001112,0.3912255573340882,silicate_CV,0.004128220001062439
Cabral,C17,39.02439024,60.975609752000004,42,29,13,0.2204540768504861,0.9064835905850694,31.693101752961994,0.07147204720003665,0.04375435021411219,0.12484578885648259,1.9704898105001112,0.3912255573340882,ammonia_CV,0.010064939382208012
Cabral,C18,0,99.999999995,2,1,1,0.21091636798910193,0.6675702210254737,18.578772372096882,0.04612403741538937,0.0265389619200629,0.2166619145918404,1.0869067012887488,0.3412170629524716,sal_CV,5.792814281491403e-5
Cabral,C18,0,99.999999995,2,1,1,0.21091636798910193,0.6675702210254737,18.578772372096882,0.04612403741538937,0.0265389619200629,0.2166619145918404,1.0869067012887488,0.3412170629524716,temp_CV,2.386523267585928e-4
Cabral,C18,0,99.999999995,2,1,1,0.21091636798910193,0.6675702210254737,18.578772372096882,0.04612403741538937,0.0265389619200629,0.2166619145918404,1.0869067012887488,0.3412170629524716,TA_CV,7.987862281911037e-5
Cabral,C18,0,99.999999995,2,1,1,0.21091636798910193,0.6675702210254737,18.578772372096882,0.04612403741538937,0.0265389619200629,0.2166619145918404,1.0869067012887488,0.3412170629524716,pH_CV,5.763078105623984e-5
Cabral,C18,0,99.999999995,2,1,1,0.21091636798910193,0.6675702210254737,18.578772372096882,0.04612403741538937,0.0265389619200629,0.2166619145918404,1.0869067012887488,0.3412170629524716,phos_CV,0.0012506549045054713
Cabral,C18,0,99.999999995,2,1,1,0.21091636798910193,0.6675702210254737,18.578772372096882,0.04612403741538937,0.0265389619200629,0.2166619145918404,1.0869067012887488,0.3412170629524716,NN_CV,0.0031278239227746896
Cabral,C18,0,99.999999995,2,1,1,0.21091636798910193,0.6675702210254737,18.578772372096882,0.04612403741538937,0.0265389619200629,0.2166619145918404,1.0869067012887488,0.3412170629524716,silicate_CV,0.005136480014063267
Cabral,C18,0,99.999999995,2,1,1,0.21091636798910193,0.6675702210254737,18.578772372096882,0.04612403741538937,0.0265389619200629,0.2166619145918404,1.0869067012887488,0.3412170629524716,ammonia_CV,0.010926644727303687
Cabral,C19,2.283105023,97.71689497999999,0,0,0,0.17979651196362487,0.5587214358310795,24.600973219274326,0.05471178870817711,0.02844887692581686,0.17277534724890226,1.0672299441033217,0.22453228789354626,sal_CV,4.936921557264455e-5
Cabral,C19,2.283105023,97.71689497999999,0,0,0,0.17979651196362487,0.5587214358310795,24.600973219274326,0.05471178870817711,0.02844887692581686,0.17277534724890226,1.0672299441033217,0.22453228789354626,temp_CV,2.0711605053744662e-4
Cabral,C19,2.283105023,97.71689497999999,0,0,0,0.17979651196362487,0.5587214358310795,24.600973219274326,0.05471178870817711,0.02844887692581686,0.17277534724890226,1.0672299441033217,0.22453228789354626,TA_CV,1.053994477819299e-4
Cabral,C19,2.283105023,97.71689497999999,0,0,0,0.17979651196362487,0.5587214358310795,24.600973219274326,0.05471178870817711,0.02844887692581686,0.17277534724890226,1.0672299441033217,0.22453228789354626,pH_CV,6.821111135950068e-5
Cabral,C19,2.283105023,97.71689497999999,0,0,0,0.17979651196362487,0.5587214358310795,24.600973219274326,0.05471178870817711,0.02844887692581686,0.17277534724890226,1.0672299441033217,0.22453228789354626,phos_CV,0.0012779128114402633
Cabral,C19,2.283105023,97.71689497999999,0,0,0,0.17979651196362487,0.5587214358310795,24.600973219274326,0.05471178870817711,0.02844887692581686,0.17277534724890226,1.0672299441033217,0.22453228789354626,NN_CV,0.002459078963199956
Cabral,C19,2.283105023,97.71689497999999,0,0,0,0.17979651196362487,0.5587214358310795,24.600973219274326,0.05471178870817711,0.02844887692581686,0.17277534724890226,1.0672299441033217,0.22453228789354626,silicate_CV,0.004731882827049946
Cabral,C19,2.283105023,97.71689497999999,0,0,0,0.17979651196362487,0.5587214358310795,24.600973219274326,0.05471178870817711,0.02844887692581686,0.17277534724890226,1.0672299441033217,0.22453228789354626,ammonia_CV,0.007091943796636876
Cabral,C2,11.26126126,88.738738742,15,11,4,0.2581769880195703,1.3379828901319015,39.65654396344184,0.09733383207353806,NA,NA,NA,NA,sal_CV,7.10521828806138e-5
Cabral,C2,11.26126126,88.738738742,15,11,4,0.2581769880195703,1.3379828901319015,39.65654396344184,0.09733383207353806,NA,NA,NA,NA,temp_CV,4.710585363312596e-4
Cabral,C2,11.26126126,88.738738742,15,11,4,0.2581769880195703,1.3379828901319015,39.65654396344184,0.09733383207353806,NA,NA,NA,NA,TA_CV,1.7214942830981792e-4
Cabral,C2,11.26126126,88.738738742,15,11,4,0.2581769880195703,1.3379828901319015,39.65654396344184,0.09733383207353806,NA,NA,NA,NA,pH_CV,1.2225730739985648e-4
Cabral,C2,11.26126126,88.738738742,15,11,4,0.2581769880195703,1.3379828901319015,39.65654396344184,0.09733383207353806,NA,NA,NA,NA,phos_CV,NA
Cabral,C2,11.26126126,88.738738742,15,11,4,0.2581769880195703,1.3379828901319015,39.65654396344184,0.09733383207353806,NA,NA,NA,NA,NN_CV,NA
Cabral,C2,11.26126126,88.738738742,15,11,4,0.2581769880195703,1.3379828901319015,39.65654396344184,0.09733383207353806,NA,NA,NA,NA,silicate_CV,NA
Cabral,C2,11.26126126,88.738738742,15,11,4,0.2581769880195703,1.3379828901319015,39.65654396344184,0.09733383207353806,NA,NA,NA,NA,ammonia_CV,NA
Cabral,C20,78.08219178,21.917808216,146,68,78,0.2080822296250061,0.957630073223923,41.107181497503625,0.07135714541885957,0.03172173519426979,0.14018230908246201,1.4017717771380873,0.252189437571062,sal_CV,5.730516840511029e-5
Cabral,C20,78.08219178,21.917808216,146,68,78,0.2080822296250061,0.957630073223923,41.107181497503625,0.07135714541885957,0.03172173519426979,0.14018230908246201,1.4017717771380873,0.252189437571062,temp_CV,3.420870991646075e-4
Cabral,C20,78.08219178,21.917808216,146,68,78,0.2080822296250061,0.957630073223923,41.107181497503625,0.07135714541885957,0.03172173519426979,0.14018230908246201,1.4017717771380873,0.252189437571062,TA_CV,1.786465218705975e-4
Cabral,C20,78.08219178,21.917808216,146,68,78,0.2080822296250061,0.957630073223923,41.107181497503625,0.07135714541885957,0.03172173519426979,0.14018230908246201,1.4017717771380873,0.252189437571062,pH_CV,8.95106311394125e-5
Cabral,C20,78.08219178,21.917808216,146,68,78,0.2080822296250061,0.957630073223923,41.107181497503625,0.07135714541885957,0.03172173519426979,0.14018230908246201,1.4017717771380873,0.252189437571062,phos_CV,0.001801712647285978
Cabral,C20,78.08219178,21.917808216,146,68,78,0.2080822296250061,0.957630073223923,41.107181497503625,0.07135714541885957,0.03172173519426979,0.14018230908246201,1.4017717771380873,0.252189437571062,NN_CV,0.0038595699174459775
Cabral,C20,78.08219178,21.917808216,146,68,78,0.2080822296250061,0.957630073223923,41.107181497503625,0.07135714541885957,0.03172173519426979,0.14018230908246201,1.4017717771380873,0.252189437571062,silicate_CV,0.003160251749798827
Cabral,C20,78.08219178,21.917808216,146,68,78,0.2080822296250061,0.957630073223923,41.107181497503625,0.07135714541885957,0.03172173519426979,0.14018230908246201,1.4017717771380873,0.252189437571062,ammonia_CV,0.00811698824968219
Cabral,C3,0.909090909,99.09090909,1,0,1,0.24551694733474397,0.390850720498614,14.781682701039939,0.07524989944157336,0.02908622145941968,0.2586530569875624,1.3646555089122867,0.2532855969227436,sal_CV,6.74821541495895e-5
Cabral,C3,0.909090909,99.09090909,1,0,1,0.24551694733474397,0.390850720498614,14.781682701039939,0.07524989944157336,0.02908622145941968,0.2586530569875624,1.3646555089122867,0.2532855969227436,temp_CV,1.4234752635841356e-4
Cabral,C3,0.909090909,99.09090909,1,0,1,0.24551694733474397,0.390850720498614,14.781682701039939,0.07524989944157336,0.02908622145941968,0.2586530569875624,1.3646555089122867,0.2532855969227436,TA_CV,6.353819544661675e-5
Cabral,C3,0.909090909,99.09090909,1,0,1,0.24551694733474397,0.390850720498614,14.781682701039939,0.07524989944157336,0.02908622145941968,0.2586530569875624,1.3646555089122867,0.2532855969227436,pH_CV,9.42617083049885e-5
Cabral,C3,0.909090909,99.09090909,1,0,1,0.24551694733474397,0.390850720498614,14.781682701039939,0.07524989944157336,0.02908622145941968,0.2586530569875624,1.3646555089122867,0.2532855969227436,phos_CV,0.0013650175362738787
Cabral,C3,0.909090909,99.09090909,1,0,1,0.24551694733474397,0.390850720498614,14.781682701039939,0.07524989944157336,0.02908622145941968,0.2586530569875624,1.3646555089122867,0.2532855969227436,NN_CV,0.0031520504135649037
Cabral,C3,0.909090909,99.09090909,1,0,1,0.24551694733474397,0.390850720498614,14.781682701039939,0.07524989944157336,0.02908622145941968,0.2586530569875624,1.3646555089122867,0.2532855969227436,silicate_CV,0.005701898873227819
Cabral,C3,0.909090909,99.09090909,1,0,1,0.24551694733474397,0.390850720498614,14.781682701039939,0.07524989944157336,0.02908622145941968,0.2586530569875624,1.3646555089122867,0.2532855969227436,ammonia_CV,0.007830973862395618
Cabral,C4,38.91402715,61.085972850000005,2,0,2,0.21226667863125115,0.8979888243020786,20.622239976100342,0.0774728032988182,0.042246584760671946,0.15338995348146642,1.8110645053862984,0.286822957517342,sal_CV,5.85159692987598e-5
Cabral,C4,38.91402715,61.085972850000005,2,0,2,0.21226667863125115,0.8979888243020786,20.622239976100342,0.0774728032988182,0.042246584760671946,0.15338995348146642,1.8110645053862984,0.286822957517342,temp_CV,3.119235202299782e-4
Cabral,C4,38.91402715,61.085972850000005,2,0,2,0.21226667863125115,0.8979888243020786,20.622239976100342,0.0774728032988182,0.042246584760671946,0.15338995348146642,1.8110645053862984,0.286822957517342,TA_CV,8.984075221624306e-5
Cabral,C4,38.91402715,61.085972850000005,2,0,2,0.21226667863125115,0.8979888243020786,20.622239976100342,0.0774728032988182,0.042246584760671946,0.15338995348146642,1.8110645053862984,0.286822957517342,pH_CV,9.730033878391865e-5
Cabral,C4,38.91402715,61.085972850000005,2,0,2,0.21226667863125115,0.8979888243020786,20.622239976100342,0.0774728032988182,0.042246584760671946,0.15338995348146642,1.8110645053862984,0.286822957517342,phos_CV,0.0023990561509522833
Cabral,C4,38.91402715,61.085972850000005,2,0,2,0.21226667863125115,0.8979888243020786,20.622239976100342,0.0774728032988182,0.042246584760671946,0.15338995348146642,1.8110645053862984,0.286822957517342,NN_CV,0.004242255249603988
Cabral,C4,38.91402715,61.085972850000005,2,0,2,0.21226667863125115,0.8979888243020786,20.622239976100342,0.0774728032988182,0.042246584760671946,0.15338995348146642,1.8110645053862984,0.286822957517342,silicate_CV,0.004001672164631453
Cabral,C4,38.91402715,61.085972850000005,2,0,2,0.21226667863125115,0.8979888243020786,20.622239976100342,0.0774728032988182,0.042246584760671946,0.15338995348146642,1.8110645053862984,0.286822957517342,ammonia_CV,0.008915791191130742
Cabral,C5,41.12149533,58.87850468,6,6,0,0.23986603403924006,1.4081592594589571,21.801877349271056,0.0707814322493196,0.034848057772673836,0.2036492601875493,2.0276602563230726,0.4221418351360735,sal_CV,6.611978059106609e-5
Cabral,C5,41.12149533,58.87850468,6,6,0,0.23986603403924006,1.4081592594589571,21.801877349271056,0.0707814322493196,0.034848057772673836,0.2036492601875493,2.0276602563230726,0.4221418351360735,temp_CV,4.95372854125661e-4
Cabral,C5,41.12149533,58.87850468,6,6,0,0.23986603403924006,1.4081592594589571,21.801877349271056,0.0707814322493196,0.034848057772673836,0.2036492601875493,2.0276602563230726,0.4221418351360735,TA_CV,9.471521953285163e-5
Cabral,C5,41.12149533,58.87850468,6,6,0,0.23986603403924006,1.4081592594589571,21.801877349271056,0.0707814322493196,0.034848057772673836,0.2036492601875493,2.0276602563230726,0.4221418351360735,pH_CV,8.86908023847004e-5
Cabral,C5,41.12149533,58.87850468,6,6,0,0.23986603403924006,1.4081592594589571,21.801877349271056,0.0707814322493196,0.034848057772673836,0.2036492601875493,2.0276602563230726,0.4221418351360735,phos_CV,0.0020201741309140873
Cabral,C5,41.12149533,58.87850468,6,6,0,0.23986603403924006,1.4081592594589571,21.801877349271056,0.0707814322493196,0.034848057772673836,0.2036492601875493,2.0276602563230726,0.4221418351360735,NN_CV,0.0054668519709618665
Cabral,C5,41.12149533,58.87850468,6,6,0,0.23986603403924006,1.4081592594589571,21.801877349271056,0.0707814322493196,0.034848057772673836,0.2036492601875493,2.0276602563230726,0.4221418351360735,silicate_CV,0.004449340409588753
Cabral,C5,41.12149533,58.87850468,6,6,0,0.23986603403924006,1.4081592594589571,21.801877349271056,0.0707814322493196,0.034848057772673836,0.2036492601875493,2.0276602563230726,0.4221418351360735,ammonia_CV,0.008929931177778185
Cabral,C6,18.66666667,81.33333333,18,9,9,0.19033335418230196,1.0963445756564991,15.744774445825545,0.033290563878661375,0.05340983419127684,0.25166357297988523,0.32456086747406326,0.1851719660770435,sal_CV,5.2183653773550004e-5
Cabral,C6,18.66666667,81.33333333,18,9,9,0.19033335418230196,1.0963445756564991,15.744774445825545,0.033290563878661375,0.05340983419127684,0.25166357297988523,0.32456086747406326,0.1851719660770435,temp_CV,3.8624082284886347e-4
Cabral,C6,18.66666667,81.33333333,18,9,9,0.19033335418230196,1.0963445756564991,15.744774445825545,0.033290563878661375,0.05340983419127684,0.25166357297988523,0.32456086747406326,0.1851719660770435,TA_CV,6.73176449621328e-5
Cabral,C6,18.66666667,81.33333333,18,9,9,0.19033335418230196,1.0963445756564991,15.744774445825545,0.033290563878661375,0.05340983419127684,0.25166357297988523,0.32456086747406326,0.1851719660770435,pH_CV,4.1534269573256505e-5
Cabral,C6,18.66666667,81.33333333,18,9,9,0.19033335418230196,1.0963445756564991,15.744774445825545,0.033290563878661375,0.05340983419127684,0.25166357297988523,0.32456086747406326,0.1851719660770435,phos_CV,0.002891517899252552
Cabral,C6,18.66666667,81.33333333,18,9,9,0.19033335418230196,1.0963445756564991,15.744774445825545,0.033290563878661375,0.05340983419127684,0.25166357297988523,0.32456086747406326,0.1851719660770435,NN_CV,0.006005992034659238
Cabral,C6,18.66666667,81.33333333,18,9,9,0.19033335418230196,1.0963445756564991,15.744774445825545,0.033290563878661375,0.05340983419127684,0.25166357297988523,0.32456086747406326,0.1851719660770435,silicate_CV,0.002284644508869049
Cabral,C6,18.66666667,81.33333333,18,9,9,0.19033335418230196,1.0963445756564991,15.744774445825545,0.033290563878661375,0.05340983419127684,0.25166357297988523,0.32456086747406326,0.1851719660770435,ammonia_CV,0.007336404888287089
Cabral,C7,32.14285714,67.85714285,8,5,3,0.1570562531918627,1.1859581218013837,26.13305706655161,0.045154943118728176,0.020117840433297337,0.09947375519383157,1.2040770521943347,0.15587152022608908,sal_CV,4.308419527940637e-5
Cabral,C7,32.14285714,67.85714285,8,5,3,0.1570562531918627,1.1859581218013837,26.13305706655161,0.045154943118728176,0.020117840433297337,0.09947375519383157,1.2040770521943347,0.15587152022608908,temp_CV,4.1205331697309063e-4
Cabral,C7,32.14285714,67.85714285,8,5,3,0.1570562531918627,1.1859581218013837,26.13305706655161,0.045154943118728176,0.020117840433297337,0.09947375519383157,1.2040770521943347,0.15587152022608908,TA_CV,1.1187714322924792e-4
Cabral,C7,32.14285714,67.85714285,8,5,3,0.1570562531918627,1.1859581218013837,26.13305706655161,0.045154943118728176,0.020117840433297337,0.09947375519383157,1.2040770521943347,0.15587152022608908,pH_CV,5.6411491173966184e-5
Cabral,C7,32.14285714,67.85714285,8,5,3,0.1570562531918627,1.1859581218013837,26.13305706655161,0.045154943118728176,0.020117840433297337,0.09947375519383157,1.2040770521943347,0.15587152022608908,phos_CV,0.0010283462525981643
Cabral,C7,32.14285714,67.85714285,8,5,3,0.1570562531918627,1.1859581218013837,26.13305706655161,0.045154943118728176,0.020117840433297337,0.09947375519383157,1.2040770521943347,0.15587152022608908,NN_CV,0.001640358482833117
Cabral,C7,32.14285714,67.85714285,8,5,3,0.1570562531918627,1.1859581218013837,26.13305706655161,0.045154943118728176,0.020117840433297337,0.09947375519383157,1.2040770521943347,0.15587152022608908,silicate_CV,0.005610013597965047
Cabral,C7,32.14285714,67.85714285,8,5,3,0.1570562531918627,1.1859581218013837,26.13305706655161,0.045154943118728176,0.020117840433297337,0.09947375519383157,1.2040770521943347,0.15587152022608908,ammonia_CV,0.003790318334764042
Cabral,C8,45.19230769,54.807692314,9,4,5,0.2056870021589663,0.7863375774527666,24.66090657500228,0.06544033165649193,0.02592273359137535,0.10983264260665043,1.3003027837328611,0.4842897510654359,sal_CV,5.6643580628975224e-5
Cabral,C8,45.19230769,54.807692314,9,4,5,0.2056870021589663,0.7863375774527666,24.66090657500228,0.06544033165649193,0.02592273359137535,0.10983264260665043,1.3003027837328611,0.4842897510654359,temp_CV,2.785344529387705e-4
Cabral,C8,45.19230769,54.807692314,9,4,5,0.2056870021589663,0.7863375774527666,24.66090657500228,0.06544033165649193,0.02592273359137535,0.10983264260665043,1.3003027837328611,0.4842897510654359,TA_CV,1.0645938794792975e-4
Cabral,C8,45.19230769,54.807692314,9,4,5,0.2056870021589663,0.7863375774527666,24.66090657500228,0.06544033165649193,0.02592273359137535,0.10983264260665043,1.3003027837328611,0.4842897510654359,pH_CV,8.194682203063406e-5
Cabral,C8,45.19230769,54.807692314,9,4,5,0.2056870021589663,0.7863375774527666,24.66090657500228,0.06544033165649193,0.02592273359137535,0.10983264260665043,1.3003027837328611,0.4842897510654359,phos_CV,0.0013766568024920144
Cabral,C8,45.19230769,54.807692314,9,4,5,0.2056870021589663,0.7863375774527666,24.66090657500228,0.06544033165649193,0.02592273359137535,0.10983264260665043,1.3003027837328611,0.4842897510654359,NN_CV,0.002445260686895748
Cabral,C8,45.19230769,54.807692314,9,4,5,0.2056870021589663,0.7863375774527666,24.66090657500228,0.06544033165649193,0.02592273359137535,0.10983264260665043,1.3003027837328611,0.4842897510654359,silicate_CV,0.0032699385794706893
Cabral,C8,45.19230769,54.807692314,9,4,5,0.2056870021589663,0.7863375774527666,24.66090657500228,0.06544033165649193,0.02592273359137535,0.10983264260665043,1.3003027837328611,0.4842897510654359,ammonia_CV,0.010305209446878514
Cabral,C9,3.225806452,96.77419354499999,3,1,2,0.14908650413194888,0.5189481119121091,31.135690205976196,0.06779292758006324,0.02545382790152638,0.1518226816584987,1.8924519748986282,0.19049185737575722,sal_CV,4.0984572112834306e-05
Cabral,C9,3.225806452,96.77419354499999,3,1,2,0.14908650413194888,0.5189481119121091,31.135690205976196,0.06779292758006324,0.02545382790152638,0.1518226816584987,1.8924519748986282,0.19049185737575722,temp_CV,1.8642051617857535e-4
Cabral,C9,3.225806452,96.77419354499999,3,1,2,0.14908650413194888,0.5189481119121091,31.135690205976196,0.06779292758006324,0.02545382790152638,0.1518226816584987,1.8924519748986282,0.19049185737575722,TA_CV,1.3427635391856122e-4
Cabral,C9,3.225806452,96.77419354499999,3,1,2,0.14908650413194888,0.5189481119121091,31.135690205976196,0.06779292758006324,0.02545382790152638,0.1518226816584987,1.8924519748986282,0.19049185737575722,pH_CV,8.474460612377488e-5
Cabral,C9,3.225806452,96.77419354499999,3,1,2,0.14908650413194888,0.5189481119121091,31.135690205976196,0.06779292758006324,0.02545382790152638,0.1518226816584987,1.8924519748986282,0.19049185737575722,phos_CV,0.0013159289694529403
Cabral,C9,3.225806452,96.77419354499999,3,1,2,0.14908650413194888,0.5189481119121091,31.135690205976196,0.06779292758006324,0.02545382790152638,0.1518226816584987,1.8924519748986282,0.19049185737575722,NN_CV,0.0028281007662138624
Cabral,C9,3.225806452,96.77419354499999,3,1,2,0.14908650413194888,0.5189481119121091,31.135690205976196,0.06779292758006324,0.02545382790152638,0.1518226816584987,1.8924519748986282,0.19049185737575722,silicate_CV,0.005939557812036986
Cabral,C9,3.225806452,96.77419354499999,3,1,2,0.14908650413194888,0.5189481119121091,31.135690205976196,0.06779292758006324,0.02545382790152638,0.1518226816584987,1.8924519748986282,0.19049185737575722,ammonia_CV,0.007657402562492571
Cabral,CSEEP,100,0,NA,NA,NA,NA,NA,NA,NA,NA,NA,NA,NA,sal_CV,NA
Cabral,CSEEP,100,0,NA,NA,NA,NA,NA,NA,NA,NA,NA,NA,NA,temp_CV,NA
Cabral,CSEEP,100,0,NA,NA,NA,NA,NA,NA,NA,NA,NA,NA,NA,TA_CV,NA
Cabral,CSEEP,100,0,NA,NA,NA,NA,NA,NA,NA,NA,NA,NA,NA,pH_CV,NA
Cabral,CSEEP,100,0,NA,NA,NA,NA,NA,NA,NA,NA,NA,NA,NA,phos_CV,NA
Cabral,CSEEP,100,0,NA,NA,NA,NA,NA,NA,NA,NA,NA,NA,NA,NN_CV,NA
Cabral,CSEEP,100,0,NA,NA,NA,NA,NA,NA,NA,NA,NA,NA,NA,silicate_CV,NA
Cabral,CSEEP,100,0,NA,NA,NA,NA,NA,NA,NA,NA,NA,NA,NA,ammonia_CV,NA
Varari,V1,18.48341232,81.51658768,93,71,22,0.15615354165509268,0.7595099453877197,21.1914810171629,0.0610922533473574,0.030505411859181368,0.22407972522882652,1.7023971623635892,0.20585550855023835,sal_CV,4.2803780477668026e-5
Varari,V1,18.48341232,81.51658768,93,71,22,0.15615354165509268,0.7595099453877197,21.1914810171629,0.0610922533473574,0.030505411859181368,0.22407972522882652,1.7023971623635892,0.20585550855023835,temp_CV,2.6891257194519834e-4
Varari,V1,18.48341232,81.51658768,93,71,22,0.15615354165509268,0.7595099453877197,21.1914810171629,0.0610922533473574,0.030505411859181368,0.22407972522882652,1.7023971623635892,0.20585550855023835,TA_CV,9.032300056394007e-5
Varari,V1,18.48341232,81.51658768,93,71,22,0.15615354165509268,0.7595099453877197,21.1914810171629,0.0610922533473574,0.030505411859181368,0.22407972522882652,1.7023971623635892,0.20585550855023835,pH_CV,7.63831217564901e-5
Varari,V1,18.48341232,81.51658768,93,71,22,0.15615354165509268,0.7595099453877197,21.1914810171629,0.0610922533473574,0.030505411859181368,0.22407972522882652,1.7023971623635892,0.20585550855023835,phos_CV,0.0016039345526132154
Varari,V1,18.48341232,81.51658768,93,71,22,0.15615354165509268,0.7595099453877197,21.1914810171629,0.0610922533473574,0.030505411859181368,0.22407972522882652,1.7023971623635892,0.20585550855023835,NN_CV,0.004172084380009704
Varari,V1,18.48341232,81.51658768,93,71,22,0.15615354165509268,0.7595099453877197,21.1914810171629,0.0610922533473574,0.030505411859181368,0.22407972522882652,1.7023971623635892,0.20585550855023835,silicate_CV,0.007252863975459964
Varari,V1,18.48341232,81.51658768,93,71,22,0.15615354165509268,0.7595099453877197,21.1914810171629,0.0610922533473574,0.030505411859181368,0.22407972522882652,1.7023971623635892,0.20585550855023835,ammonia_CV,0.0045234833327949045
Varari,V10,3.351955307,96.648044699,62,41,21,0.13479481761975434,0.9455610579363527,22.80054943774566,0.04888003452638045,0.0386675952194429,0.23587450625625814,0.9267021207001592,0.0872107002898795,sal_CV,3.6956665442888194e-5
Varari,V10,3.351955307,96.648044699,62,41,21,0.13479481761975434,0.9455610579363527,22.80054943774566,0.04888003452638045,0.0386675952194429,0.23587450625625814,0.9267021207001592,0.0872107002898795,temp_CV,3.3435680973704126e-4
Varari,V10,3.351955307,96.648044699,62,41,21,0.13479481761975434,0.9455610579363527,22.80054943774566,0.04888003452638045,0.0386675952194429,0.23587450625625814,0.9267021207001592,0.0872107002898795,TA_CV,9.722155134647464e-5
Varari,V10,3.351955307,96.648044699,62,41,21,0.13479481761975434,0.9455610579363527,22.80054943774566,0.04888003452638045,0.0386675952194429,0.23587450625625814,0.9267021207001592,0.0872107002898795,pH_CV,6.097695910696356e-5
Varari,V10,3.351955307,96.648044699,62,41,21,0.13479481761975434,0.9455610579363527,22.80054943774566,0.04888003452638045,0.0386675952194429,0.23587450625625814,0.9267021207001592,0.0872107002898795,phos_CV,0.0021548778445121606
Varari,V10,3.351955307,96.648044699,62,41,21,0.13479481761975434,0.9455610579363527,22.80054943774566,0.04888003452638045,0.0386675952194429,0.23587450625625814,0.9267021207001592,0.0872107002898795,NN_CV,0.007018473979403727
Varari,V10,3.351955307,96.648044699,62,41,21,0.13479481761975434,0.9455610579363527,22.80054943774566,0.04888003452638045,0.0386675952194429,0.23587450625625814,0.9267021207001592,0.0872107002898795,silicate_CV,0.006496029063481275
Varari,V10,3.351955307,96.648044699,62,41,21,0.13479481761975434,0.9455610579363527,22.80054943774566,0.04888003452638045,0.0386675952194429,0.23587450625625814,0.9267021207001592,0.0872107002898795,ammonia_CV,0.0031569026731211496
Varari,V11,11.42857143,88.57142857999999,58,43,15,0.16464246978572503,0.8125972469275825,27.17048050838245,0.04627515705924118,0.03396009087925441,0.303572064382797,2.3678573304981114,0.28489970325087,sal_CV,4.515391697928694e-5
Varari,V11,11.42857143,88.57142857999999,58,43,15,0.16464246978572503,0.8125972469275825,27.17048050838245,0.04627515705924118,0.03396009087925441,0.303572064382797,2.3678573304981114,0.28489970325087,temp_CV,2.8841073537802395e-4
Varari,V11,11.42857143,88.57142857999999,58,43,15,0.16464246978572503,0.8125972469275825,27.17048050838245,0.04627515705924118,0.03396009087925441,0.303572064382797,2.3678573304981114,0.28489970325087,TA_CV,1.154262072505752e-4
Varari,V11,11.42857143,88.57142857999999,58,43,15,0.16464246978572503,0.8125972469275825,27.17048050838245,0.04627515705924118,0.03396009087925441,0.303572064382797,2.3678573304981114,0.28489970325087,pH_CV,5.775205840247634e-5
Varari,V11,11.42857143,88.57142857999999,58,43,15,0.16464246978572503,0.8125972469275825,27.17048050838245,0.04627515705924118,0.03396009087925441,0.303572064382797,2.3678573304981114,0.28489970325087,phos_CV,0.001847532932518152
Varari,V11,11.42857143,88.57142857999999,58,43,15,0.16464246978572503,0.8125972469275825,27.17048050838245,0.04627515705924118,0.03396009087925441,0.303572064382797,2.3678573304981114,0.28489970325087,NN_CV,0.006546927223241247
Varari,V11,11.42857143,88.57142857999999,58,43,15,0.16464246978572503,0.8125972469275825,27.17048050838245,0.04627515705924118,0.03396009087925441,0.303572064382797,2.3678573304981114,0.28489970325087,silicate_CV,0.01135166728607527
Varari,V11,11.42857143,88.57142857999999,58,43,15,0.16464246978572503,0.8125972469275825,27.17048050838245,0.04627515705924118,0.03396009087925441,0.303572064382797,2.3678573304981114,0.28489970325087,ammonia_CV,0.00765037912894969
Varari,V12,21.75925926,78.24074073999999,131,119,12,0.13943124265591048,0.8108714448049086,11.941205790380156,0.04378911962231296,0.042996417266195505,0.2378897848237631,1.141540753795619,0.20912492617413606,sal_CV,3.824093871052432e-5
Varari,V12,21.75925926,78.24074073999999,131,119,12,0.13943124265591048,0.8108714448049086,11.941205790380156,0.04378911962231296,0.042996417266195505,0.2378897848237631,1.141540753795619,0.20912492617413606,temp_CV,2.87173914668169e-4
Varari,V12,21.75925926,78.24074073999999,131,119,12,0.13943124265591048,0.8108714448049086,11.941205790380156,0.04378911962231296,0.042996417266195505,0.2378897848237631,1.141540753795619,0.20912492617413606,TA_CV,5.07301666668627e-5
Varari,V12,21.75925926,78.24074073999999,131,119,12,0.13943124265591048,0.8108714448049086,11.941205790380156,0.04378911962231296,0.042996417266195505,0.2378897848237631,1.141540753795619,0.20912492617413606,pH_CV,5.463867551371317e-5
Varari,V12,21.75925926,78.24074073999999,131,119,12,0.13943124265591048,0.8108714448049086,11.941205790380156,0.04378911962231296,0.042996417266195505,0.2378897848237631,1.141540753795619,0.20912492617413606,phos_CV,0.0023504517731854067
Varari,V12,21.75925926,78.24074073999999,131,119,12,0.13943124265591048,0.8108714448049086,11.941205790380156,0.04378911962231296,0.042996417266195505,0.2378897848237631,1.141540753795619,0.20912492617413606,NN_CV,0.006521288776576174
Varari,V12,21.75925926,78.24074073999999,131,119,12,0.13943124265591048,0.8108714448049086,11.941205790380156,0.04378911962231296,0.042996417266195505,0.2378897848237631,1.141540753795619,0.20912492617413606,silicate_CV,0.008029378171511935
Varari,V12,21.75925926,78.24074073999999,131,119,12,0.13943124265591048,0.8108714448049086,11.941205790380156,0.04378911962231296,0.042996417266195505,0.2378897848237631,1.141540753795619,0.20912492617413606,ammonia_CV,0.006505586739886314
Varari,V13,44.70046083,55.299539174,8,4,4,0.07918107638282523,0.887571928674757,16.337149242608834,0.053136720126956395,NA,NA,NA,NA,sal_CV,2.1680823187274594e-5
Varari,V13,44.70046083,55.299539174,8,4,4,0.07918107638282523,0.887571928674757,16.337149242608834,0.053136720126956395,NA,NA,NA,NA,temp_CV,3.139763621223991e-4
Varari,V13,44.70046083,55.299539174,8,4,4,0.07918107638282523,0.887571928674757,16.337149242608834,0.053136720126956395,NA,NA,NA,NA,TA_CV,6.933693965767199e-5
Varari,V13,44.70046083,55.299539174,8,4,4,0.07918107638282523,0.887571928674757,16.337149242608834,0.053136720126956395,NA,NA,NA,NA,pH_CV,6.631726428657671e-5
Varari,V13,44.70046083,55.299539174,8,4,4,0.07918107638282523,0.887571928674757,16.337149242608834,0.053136720126956395,NA,NA,NA,NA,phos_CV,NA
Varari,V13,44.70046083,55.299539174,8,4,4,0.07918107638282523,0.887571928674757,16.337149242608834,0.053136720126956395,NA,NA,NA,NA,NN_CV,NA
Varari,V13,44.70046083,55.299539174,8,4,4,0.07918107638282523,0.887571928674757,16.337149242608834,0.053136720126956395,NA,NA,NA,NA,silicate_CV,NA
Varari,V13,44.70046083,55.299539174,8,4,4,0.07918107638282523,0.887571928674757,16.337149242608834,0.053136720126956395,NA,NA,NA,NA,ammonia_CV,NA
Varari,V14,95.26066351,4.739336493,2,0,2,0.10855380496062055,0.9036908447346043,26.95328532200486,0.05730233824848244,0.03752988865068753,0.16571631467490275,0.7570791982150435,0.15776597916013269,sal_CV,2.980711994799946e-5
Varari,V14,95.26066351,4.739336493,2,0,2,0.10855380496062055,0.9036908447346043,26.95328532200486,0.05730233824848244,0.03752988865068753,0.16571631467490275,0.7570791982150435,0.15776597916013269,temp_CV,3.2040093768289464e-4
Varari,V14,95.26066351,4.739336493,2,0,2,0.10855380496062055,0.9036908447346043,26.95328532200486,0.05730233824848244,0.03752988865068753,0.16571631467490275,0.7570791982150435,0.15776597916013269,TA_CV,1.1482751184318528e-4
Varari,V14,95.26066351,4.739336493,2,0,2,0.10855380496062055,0.9036908447346043,26.95328532200486,0.05730233824848244,0.03752988865068753,0.16571631467490275,0.7570791982150435,0.15776597916013269,pH_CV,7.153303097366643e-5
Varari,V14,95.26066351,4.739336493,2,0,2,0.10855380496062055,0.9036908447346043,26.95328532200486,0.05730233824848244,0.03752988865068753,0.16571631467490275,0.7570791982150435,0.15776597916013269,phos_CV,0.0019971220710118098
Varari,V14,95.26066351,4.739336493,2,0,2,0.10855380496062055,0.9036908447346043,26.95328532200486,0.05730233824848244,0.03752988865068753,0.16571631467490275,0.7570791982150435,0.15776597916013269,NN_CV,0.004741134690173917
Varari,V14,95.26066351,4.739336493,2,0,2,0.10855380496062055,0.9036908447346043,26.95328532200486,0.05730233824848244,0.03752988865068753,0.16571631467490275,0.7570791982150435,0.15776597916013269,silicate_CV,0.0027355773159528497
Varari,V14,95.26066351,4.739336493,2,0,2,0.10855380496062055,0.9036908447346043,26.95328532200486,0.05730233824848244,0.03752988865068753,0.16571631467490275,0.7570791982150435,0.15776597916013269,ammonia_CV,0.0045580095363679796
Varari,V15,2.293577982,97.706422019,33,26,7,0.14340253036221481,0.9040346074285931,23.662996516946254,0.050164002225029765,0.04397263033026318,0.2853459016187697,2.4097137425860087,0.4198651256734514,sal_CV,3.934495654358044e-5
Varari,V15,2.293577982,97.706422019,33,26,7,0.14340253036221481,0.9040346074285931,23.662996516946254,0.050164002225029765,0.04397263033026318,0.2853459016187697,2.4097137425860087,0.4198651256734514,temp_CV,3.209495366747468e-4
Varari,V15,2.293577982,97.706422019,33,26,7,0.14340253036221481,0.9040346074285931,23.662996516946254,0.050164002225029765,0.04397263033026318,0.2853459016187697,2.4097137425860087,0.4198651256734514,TA_CV,1.0083416046046188e-4
Varari,V15,2.293577982,97.706422019,33,26,7,0.14340253036221481,0.9040346074285931,23.662996516946254,0.050164002225029765,0.04397263033026318,0.2853459016187697,2.4097137425860087,0.4198651256734514,pH_CV,6.266493309780992e-5
Varari,V15,2.293577982,97.706422019,33,26,7,0.14340253036221481,0.9040346074285931,23.662996516946254,0.050164002225029765,0.04397263033026318,0.2853459016187697,2.4097137425860087,0.4198651256734514,phos_CV,0.0022708173776928163
Varari,V15,2.293577982,97.706422019,33,26,7,0.14340253036221481,0.9040346074285931,23.662996516946254,0.050164002225029765,0.04397263033026318,0.2853459016187697,2.4097137425860087,0.4198651256734514,NN_CV,0.00631806848861017
Varari,V15,2.293577982,97.706422019,33,26,7,0.14340253036221481,0.9040346074285931,23.662996516946254,0.050164002225029765,0.04397263033026318,0.2853459016187697,2.4097137425860087,0.4198651256734514,silicate_CV,0.010434600443036918
Varari,V15,2.293577982,97.706422019,33,26,7,0.14340253036221481,0.9040346074285931,23.662996516946254,0.050164002225029765,0.04397263033026318,0.2853459016187697,2.4097137425860087,0.4198651256734514,ammonia_CV,0.009493255519346154
Varari,V16,61.29032258,38.709677414999994,22,11,11,0.08795290947839315,0.8527926812202694,16.570429420149114,0.046167523400853734,0.03246649525468703,0.150216631605321,0.2783780202512603,0.20989348436929903,sal_CV,2.4071956066614614e-5
Varari,V16,61.29032258,38.709677414999994,22,11,11,0.08795290947839315,0.8527926812202694,16.570429420149114,0.046167523400853734,0.03246649525468703,0.150216631605321,0.2783780202512603,0.20989348436929903,temp_CV,3.0269051199086723e-4
Varari,V16,61.29032258,38.709677414999994,22,11,11,0.08795290947839315,0.8527926812202694,16.570429420149114,0.046167523400853734,0.03246649525468703,0.150216631605321,0.2783780202512603,0.20989348436929903,TA_CV,7.037388965145339e-5
Varari,V16,61.29032258,38.709677414999994,22,11,11,0.08795290947839315,0.8527926812202694,16.570429420149114,0.046167523400853734,0.03246649525468703,0.150216631605321,0.2783780202512603,0.20989348436929903,pH_CV,5.753060482683621e-5
Varari,V16,61.29032258,38.709677414999994,22,11,11,0.08795290947839315,0.8527926812202694,16.570429420149114,0.046167523400853734,0.03246649525468703,0.150216631605321,0.2783780202512603,0.20989348436929903,phos_CV,0.0018359465055210796
Varari,V16,61.29032258,38.709677414999994,22,11,11,0.08795290947839315,0.8527926812202694,16.570429420149114,0.046167523400853734,0.03246649525468703,0.150216631605321,0.2783780202512603,0.20989348436929903,NN_CV,0.005851677037341866
Varari,V16,61.29032258,38.709677414999994,22,11,11,0.08795290947839315,0.8527926812202694,16.570429420149114,0.046167523400853734,0.03246649525468703,0.150216631605321,0.2783780202512603,0.20989348436929903,silicate_CV,0.0026013360762522615
Varari,V16,61.29032258,38.709677414999994,22,11,11,0.08795290947839315,0.8527926812202694,16.570429420149114,0.046167523400853734,0.03246649525468703,0.150216631605321,0.2783780202512603,0.20989348436929903,ammonia_CV,0.005724499627181385
Varari,V17,82.27272727,17.72727273,7,3,4,0.2927578228794953,0.8424782744125467,16.944958616939097,0.04969575870912119,0.0526216166041776,0.27204826538931304,1.915664695414158,5.959051715578876,sal_CV,8.02131167558039e-5
Varari,V17,82.27272727,17.72727273,7,3,4,0.2927578228794953,0.8424782744125467,16.944958616939097,0.04969575870912119,0.0526216166041776,0.27204826538931304,1.915664695414158,5.959051715578876,temp_CV,2.9956114473089356e-4
Varari,V17,82.27272727,17.72727273,7,3,4,0.2927578228794953,0.8424782744125467,16.944958616939097,0.04969575870912119,0.0526216166041776,0.27204826538931304,1.915664695414158,5.959051715578876,TA_CV,7.204736131680591e-5
Varari,V17,82.27272727,17.72727273,7,3,4,0.2927578228794953,0.8424782744125467,16.944958616939097,0.04969575870912119,0.0526216166041776,0.27204826538931304,1.915664695414158,5.959051715578876,pH_CV,6.20433840030888e-5
Varari,V17,82.27272727,17.72727273,7,3,4,0.2927578228794953,0.8424782744125467,16.944958616939097,0.04969575870912119,0.0526216166041776,0.27204826538931304,1.915664695414158,5.959051715578876,phos_CV,0.0027773301348586817
Varari,V17,82.27272727,17.72727273,7,3,4,0.2927578228794953,0.8424782744125467,16.944958616939097,0.04969575870912119,0.0526216166041776,0.27204826538931304,1.915664695414158,5.959051715578876,NN_CV,0.006601324258702288
Varari,V17,82.27272727,17.72727273,7,3,4,0.2927578228794953,0.8424782744125467,16.944958616939097,0.04969575870912119,0.0526216166041776,0.27204826538931304,1.915664695414158,5.959051715578876,silicate_CV,0.006735551142306711
Varari,V17,82.27272727,17.72727273,7,3,4,0.2927578228794953,0.8424782744125467,16.944958616939097,0.04969575870912119,0.0526216166041776,0.27204826538931304,1.915664695414158,5.959051715578876,ammonia_CV,0.025124458689109078
Varari,V18,8.040201005,91.95979899899999,13,10,3,0.22914437120981754,0.776216786729068,17.964826408779093,0.05111703698940516,0.05234492379803877,0.3104222125562871,3.0419128321002975,1.4072237005192254,sal_CV,6.29128618875194e-5
Varari,V18,8.040201005,91.95979899899999,13,10,3,0.22914437120981754,0.776216786729068,17.964826408779093,0.05111703698940516,0.05234492379803877,0.3104222125562871,3.0419128321002975,1.4072237005192254,temp_CV,2.754861937727938e-4
Varari,V18,8.040201005,91.95979899899999,13,10,3,0.22914437120981754,0.776216786729068,17.964826408779093,0.05111703698940516,0.05234492379803877,0.3104222125562871,3.0419128321002975,1.4072237005192254,TA_CV,7.619310536310032e-5
Varari,V18,8.040201005,91.95979899899999,13,10,3,0.22914437120981754,0.776216786729068,17.964826408779093,0.05111703698940516,0.05234492379803877,0.3104222125562871,3.0419128321002975,1.4072237005192254,pH_CV,6.380957584032304e-5
Varari,V18,8.040201005,91.95979899899999,13,10,3,0.22914437120981754,0.776216786729068,17.964826408779093,0.05111703698940516,0.05234492379803877,0.3104222125562871,3.0419128321002975,1.4072237005192254,phos_CV,0.0025534262188512073
Varari,V18,8.040201005,91.95979899899999,13,10,3,0.22914437120981754,0.776216786729068,17.964826408779093,0.05111703698940516,0.05234492379803877,0.3104222125562871,3.0419128321002975,1.4072237005192254,NN_CV,0.006549878845842908
Varari,V18,8.040201005,91.95979899899999,13,10,3,0.22914437120981754,0.776216786729068,17.964826408779093,0.05111703698940516,0.05234492379803877,0.3104222125562871,3.0419128321002975,1.4072237005192254,silicate_CV,0.010922567354358339
Varari,V18,8.040201005,91.95979899899999,13,10,3,0.22914437120981754,0.776216786729068,17.964826408779093,0.05111703698940516,0.05234492379803877,0.3104222125562871,3.0419128321002975,1.4072237005192254,ammonia_CV,0.01789953396677002
Varari,V19,40,59.999999992999996,5,2,3,0.12020815280171215,0.9500742452190631,19.988841503574932,0.04898264665798394,0.03924946017110238,0.15563136307238307,0.2239730869974787,0.27607685511417646,sal_CV,3.2917957911059674e-5
Varari,V19,40,59.999999992999996,5,2,3,0.12020815280171215,0.9500742452190631,19.988841503574932,0.04898264665798394,0.03924946017110238,0.15563136307238307,0.2239730869974787,0.27607685511417646,temp_CV,3.3787926035796866e-4
Varari,V19,40,59.999999992999996,5,2,3,0.12020815280171215,0.9500742452190631,19.988841503574932,0.04898264665798394,0.03924946017110238,0.15563136307238307,0.2239730869974787,0.27607685511417646,TA_CV,8.501147812115668e-5
Varari,V19,40,59.999999992999996,5,2,3,0.12020815280171215,0.9500742452190631,19.988841503574932,0.04898264665798394,0.03924946017110238,0.15563136307238307,0.2239730869974787,0.27607685511417646,pH_CV,6.1027764206581334e-5
Varari,V19,40,59.999999992999996,5,2,3,0.12020815280171215,0.9500742452190631,19.988841503574932,0.04898264665798394,0.03924946017110238,0.15563136307238307,0.2239730869974787,0.27607685511417646,phos_CV,0.0022141576620165644
Varari,V19,40,59.999999992999996,5,2,3,0.12020815280171215,0.9500742452190631,19.988841503574932,0.04898264665798394,0.03924946017110238,0.15563136307238307,0.2239730869974787,0.27607685511417646,NN_CV,0.006092147955909448
Varari,V19,40,59.999999992999996,5,2,3,0.12020815280171215,0.9500742452190631,19.988841503574932,0.04898264665798394,0.03924946017110238,0.15563136307238307,0.2239730869974787,0.27607685511417646,silicate_CV,0.002233799885003665
Varari,V19,40,59.999999992999996,5,2,3,0.12020815280171215,0.9500742452190631,19.988841503574932,0.04898264665798394,0.03924946017110238,0.15563136307238307,0.2239730869974787,0.27607685511417646,ammonia_CV,0.008624670467738512
Varari,V2,12.62626263,87.37373737,96,52,44,0.16953718513310514,0.74561575703767,12.4507927928733,0.052168027228933676,0.035724320051484564,0.2537024464568763,1.6941383816052717,0.7462925606465366,sal_CV,4.654418260346058e-5
Varari,V2,12.62626263,87.37373737,96,52,44,0.16953718513310514,0.74561575703767,12.4507927928733,0.052168027228933676,0.035724320051484564,0.2537024464568763,1.6941383816052717,0.7462925606465366,temp_CV,2.6374805696415633e-4
Varari,V2,12.62626263,87.37373737,96,52,44,0.16953718513310514,0.74561575703767,12.4507927928733,0.052168027228933676,0.035724320051484564,0.2537024464568763,1.6941383816052717,0.7462925606465366,TA_CV,5.299089851141981e-5
Varari,V2,12.62626263,87.37373737,96,52,44,0.16953718513310514,0.74561575703767,12.4507927928733,0.052168027228933676,0.035724320051484564,0.2537024464568763,1.6941383816052717,0.7462925606465366,pH_CV,6.520558936646562e-5
Varari,V2,12.62626263,87.37373737,96,52,44,0.16953718513310514,0.74561575703767,12.4507927928733,0.052168027228933676,0.035724320051484564,0.2537024464568763,1.6941383816052717,0.7462925606465366,phos_CV,0.001878711158526272
Varari,V2,12.62626263,87.37373737,96,52,44,0.16953718513310514,0.74561575703767,12.4507927928733,0.052168027228933676,0.035724320051484564,0.2537024464568763,1.6941383816052717,0.7462925606465366,NN_CV,0.004624911181739919
Varari,V2,12.62626263,87.37373737,96,52,44,0.16953718513310514,0.74561575703767,12.4507927928733,0.052168027228933676,0.035724320051484564,0.2537024464568763,1.6941383816052717,0.7462925606465366,silicate_CV,0.007666963858633622
Varari,V2,12.62626263,87.37373737,96,52,44,0.16953718513310514,0.74561575703767,12.4507927928733,0.052168027228933676,0.035724320051484564,0.2537024464568763,1.6941383816052717,0.7462925606465366,ammonia_CV,0.012160301160405073
Varari,V20,77.88944724,22.110552761,4,4,0,0.12135396867958505,0.871803344469709,19.47107932726098,0.05425135652651297,0.040502501086509456,0.1703259458334538,0.3694631016996545,0.11389109643879017,sal_CV,3.323969423209095e-5
Varari,V20,77.88944724,22.110552761,4,4,0,0.12135396867958505,0.871803344469709,19.47107932726098,0.05425135652651297,0.040502501086509456,0.1703259458334538,0.3694631016996545,0.11389109643879017,temp_CV,3.0880791479998546e-4
Varari,V20,77.88944724,22.110552761,4,4,0,0.12135396867958505,0.871803344469709,19.47107932726098,0.05425135652651297,0.040502501086509456,0.1703259458334538,0.3694631016996545,0.11389109643879017,TA_CV,8.302475969632229e-5
Varari,V20,77.88944724,22.110552761,4,4,0,0.12135396867958505,0.871803344469709,19.47107932726098,0.05425135652651297,0.040502501086509456,0.1703259458334538,0.3694631016996545,0.11389109643879017,pH_CV,6.769950044385505e-5
Varari,V20,77.88944724,22.110552761,4,4,0,0.12135396867958505,0.871803344469709,19.47107932726098,0.05425135652651297,0.040502501086509456,0.1703259458334538,0.3694631016996545,0.11389109643879017,phos_CV,0.0022086877741649465
Varari,V20,77.88944724,22.110552761,4,4,0,0.12135396867958505,0.871803344469709,19.47107932726098,0.05425135652651297,0.040502501086509456,0.1703259458334538,0.3694631016996545,0.11389109643879017,NN_CV,0.005462892809926107
Varari,V20,77.88944724,22.110552761,4,4,0,0.12135396867958505,0.871803344469709,19.47107932726098,0.05425135652651297,0.040502501086509456,0.1703259458334538,0.3694631016996545,0.11389109643879017,silicate_CV,0.0027063785975997966
Varari,V20,77.88944724,22.110552761,4,4,0,0.12135396867958505,0.871803344469709,19.47107932726098,0.05425135652651297,0.040502501086509456,0.1703259458334538,0.3694631016996545,0.11389109643879017,ammonia_CV,0.004213082286705625
Varari,V3,14.1025641,85.897435899,2,2,0,NA,NA,NA,NA,0.04007979197627767,0.2126821449263518,0.9487040456089176,0.1359026803222889,sal_CV,NA
Varari,V3,14.1025641,85.897435899,2,2,0,NA,NA,NA,NA,0.04007979197627767,0.2126821449263518,0.9487040456089176,0.1359026803222889,temp_CV,NA
Varari,V3,14.1025641,85.897435899,2,2,0,NA,NA,NA,NA,0.04007979197627767,0.2126821449263518,0.9487040456089176,0.1359026803222889,TA_CV,NA
Varari,V3,14.1025641,85.897435899,2,2,0,NA,NA,NA,NA,0.04007979197627767,0.2126821449263518,0.9487040456089176,0.1359026803222889,pH_CV,NA
Varari,V3,14.1025641,85.897435899,2,2,0,NA,NA,NA,NA,0.04007979197627767,0.2126821449263518,0.9487040456089176,0.1359026803222889,phos_CV,0.002213859240145112
Varari,V3,14.1025641,85.897435899,2,2,0,NA,NA,NA,NA,0.04007979197627767,0.2126821449263518,0.9487040456089176,0.1359026803222889,NN_CV,0.005089151038693658
Varari,V3,14.1025641,85.897435899,2,2,0,NA,NA,NA,NA,0.04007979197627767,0.2126821449263518,0.9487040456089176,0.1359026803222889,silicate_CV,0.005536840871324313
Varari,V3,14.1025641,85.897435899,2,2,0,NA,NA,NA,NA,0.04007979197627767,0.2126821449263518,0.9487040456089176,0.1359026803222889,ammonia_CV,0.003356378365556495
Varari,V4,17.71428571,82.285714284,27,17,10,0.07520210863305023,0.7647782124810518,18.31118261284241,0.045190950110681645,0.047467978074017605,0.30499420840263725,0.7436782729358838,0.28719267428504675,sal_CV,2.0589919883103523e-5
Varari,V4,17.71428571,82.285714284,27,17,10,0.07520210863305023,0.7647782124810518,18.31118261284241,0.045190950110681645,0.047467978074017605,0.30499420840263725,0.7436782729358838,0.28719267428504675,temp_CV,2.705742835595442e-4
Varari,V4,17.71428571,82.285714284,27,17,10,0.07520210863305023,0.7647782124810518,18.31118261284241,0.045190950110681645,0.047467978074017605,0.30499420840263725,0.7436782729358838,0.28719267428504675,TA_CV,7.805068430274958e-5
Varari,V4,17.71428571,82.285714284,27,17,10,0.07520210863305023,0.7647782124810518,18.31118261284241,0.045190950110681645,0.047467978074017605,0.30499420840263725,0.7436782729358838,0.28719267428504675,pH_CV,5.635913901368244e-5
Varari,V4,17.71428571,82.285714284,27,17,10,0.07520210863305023,0.7647782124810518,18.31118261284241,0.045190950110681645,0.047467978074017605,0.30499420840263725,0.7436782729358838,0.28719267428504675,phos_CV,0.002565328123149091
Varari,V4,17.71428571,82.285714284,27,17,10,0.07520210863305023,0.7647782124810518,18.31118261284241,0.045190950110681645,0.047467978074017605,0.30499420840263725,0.7436782729358838,0.28719267428504675,NN_CV,0.007284585033679988
Varari,V4,17.71428571,82.285714284,27,17,10,0.07520210863305023,0.7647782124810518,18.31118261284241,0.045190950110681645,0.047467978074017605,0.30499420840263725,0.7436782729358838,0.28719267428504675,silicate_CV,0.005855303632635409
Varari,V4,17.71428571,82.285714284,27,17,10,0.07520210863305023,0.7647782124810518,18.31118261284241,0.045190950110681645,0.047467978074017605,0.30499420840263725,0.7436782729358838,0.28719267428504675,ammonia_CV,0.006968864733093554
Varari,V5,24.47257384,75.527426156,44,26,18,0.12351980754981363,0.8338208098009687,16.49874932703654,0.04653026816775467,0.04116476087198136,0.28567772643686296,1.5934769831404303,0.15385261957149954,sal_CV,3.385959636782172e-5
Varari,V5,24.47257384,75.527426156,44,26,18,0.12351980754981363,0.8338208098009687,16.49874932703654,0.04653026816775467,0.04116476087198136,0.28567772643686296,1.5934769831404303,0.15385261957149954,temp_CV,2.956287217872607e-4
Varari,V5,24.47257384,75.527426156,44,26,18,0.12351980754981363,0.8338208098009687,16.49874932703654,0.04653026816775467,0.04116476087198136,0.28567772643686296,1.5934769831404303,0.15385261957149954,TA_CV,7.026986000423098e-5
Varari,V5,24.47257384,75.527426156,44,26,18,0.12351980754981363,0.8338208098009687,16.49874932703654,0.04653026816775467,0.04116476087198136,0.28567772643686296,1.5934769831404303,0.15385261957149954,pH_CV,5.805768664526287e-5
Varari,V5,24.47257384,75.527426156,44,26,18,0.12351980754981363,0.8338208098009687,16.49874932703654,0.04653026816775467,0.04116476087198136,0.28567772643686296,1.5934769831404303,0.15385261957149954,phos_CV,0.002313407952922386
Varari,V5,24.47257384,75.527426156,44,26,18,0.12351980754981363,0.8338208098009687,16.49874932703654,0.04653026816775467,0.04116476087198136,0.28567772643686296,1.5934769831404303,0.15385261957149954,NN_CV,0.006688366045313666
Varari,V5,24.47257384,75.527426156,44,26,18,0.12351980754981363,0.8338208098009687,16.49874932703654,0.04653026816775467,0.04116476087198136,0.28567772643686296,1.5934769831404303,0.15385261957149954,silicate_CV,0.009408887390605095
Varari,V5,24.47257384,75.527426156,44,26,18,0.12351980754981363,0.8338208098009687,16.49874932703654,0.04653026816775467,0.04116476087198136,0.28567772643686296,1.5934769831404303,0.15385261957149954,ammonia_CV,0.005256944647421006
Varari,V6,26.7281106,73.271889396,32,18,14,0.09794313218831124,0.7281667293376471,28.88687073661368,0.05370399008651409,0.03356608667816083,0.24497050614100682,1.5176973113203287,0.11761346834571469,sal_CV,2.686870096380529e-5
Varari,V6,26.7281106,73.271889396,32,18,14,0.09794313218831124,0.7281667293376471,28.88687073661368,0.05370399008651409,0.03356608667816083,0.24497050614100682,1.5176973113203287,0.11761346834571469,temp_CV,2.5770112075652185e-4
Varari,V6,26.7281106,73.271889396,32,18,14,0.09794313218831124,0.7281667293376471,28.88687073661368,0.05370399008651409,0.03356608667816083,0.24497050614100682,1.5176973113203287,0.11761346834571469,TA_CV,1.2269746018444538e-4
Varari,V6,26.7281106,73.271889396,32,18,14,0.09794313218831124,0.7281667293376471,28.88687073661368,0.05370399008651409,0.03356608667816083,0.24497050614100682,1.5176973113203287,0.11761346834571469,pH_CV,6.708502652441995e-5
Varari,V6,26.7281106,73.271889396,32,18,14,0.09794313218831124,0.7281667293376471,28.88687073661368,0.05370399008651409,0.03356608667816083,0.24497050614100682,1.5176973113203287,0.11761346834571469,phos_CV,0.0017804726106183757
Varari,V6,26.7281106,73.271889396,32,18,14,0.09794313218831124,0.7281667293376471,28.88687073661368,0.05370399008651409,0.03356608667816083,0.24497050614100682,1.5176973113203287,0.11761346834571469,NN_CV,0.00527042405516669
Varari,V6,26.7281106,73.271889396,32,18,14,0.09794313218831124,0.7281667293376471,28.88687073661368,0.05370399008651409,0.03356608667816083,0.24497050614100682,1.5176973113203287,0.11761346834571469,silicate_CV,0.0054276458103148595
Varari,V6,26.7281106,73.271889396,32,18,14,0.09794313218831124,0.7281667293376471,28.88687073661368,0.05370399008651409,0.03356608667816083,0.24497050614100682,1.5176973113203287,0.11761346834571469,ammonia_CV,0.004188907685009329
Varari,V7,49.55357143,50.446428573,16,4,12,NA,NA,NA,NA,0.03625647462204639,0.2682784658952054,1.526706584343108,0.1793604138534564,sal_CV,NA
Varari,V7,49.55357143,50.446428573,16,4,12,NA,NA,NA,NA,0.03625647462204639,0.2682784658952054,1.526706584343108,0.1793604138534564,temp_CV,NA
Varari,V7,49.55357143,50.446428573,16,4,12,NA,NA,NA,NA,0.03625647462204639,0.2682784658952054,1.526706584343108,0.1793604138534564,TA_CV,NA
Varari,V7,49.55357143,50.446428573,16,4,12,NA,NA,NA,NA,0.03625647462204639,0.2682784658952054,1.526706584343108,0.1793604138534564,pH_CV,NA
Varari,V7,49.55357143,50.446428573,16,4,12,NA,NA,NA,NA,0.03625647462204639,0.2682784658952054,1.526706584343108,0.1793604138534564,phos_CV,0.0018497081709894737
Varari,V7,49.55357143,50.446428573,16,4,12,NA,NA,NA,NA,0.03625647462204639,0.2682784658952054,1.526706584343108,0.1793604138534564,NN_CV,0.005246893809225634
Varari,V7,49.55357143,50.446428573,16,4,12,NA,NA,NA,NA,0.03625647462204639,0.2682784658952054,1.526706584343108,0.1793604138534564,silicate_CV,0.005219340461646339
Varari,V7,49.55357143,50.446428573,16,4,12,NA,NA,NA,NA,0.03625647462204639,0.2682784658952054,1.526706584343108,0.1793604138534564,ammonia_CV,0.0054439129976130455
Varari,V8,16.17647059,83.82352941399999,2,2,0,0.19171686713186545,0.8750510189207743,16.10402414957496,0.05169189972531328,0.03602555331731505,0.366598166762653,2.4748981995512334,0.13802419037614708,sal_CV,5.257017779108564e-5
Varari,V8,16.17647059,83.82352941399999,2,2,0,0.19171686713186545,0.8750510189207743,16.10402414957496,0.05169189972531328,0.03602555331731505,0.366598166762653,2.4748981995512334,0.13802419037614708,temp_CV,3.095881899595876e-4
Varari,V8,16.17647059,83.82352941399999,2,2,0,0.19171686713186545,0.8750510189207743,16.10402414957496,0.05169189972531328,0.03602555331731505,0.366598166762653,2.4748981995512334,0.13802419037614708,TA_CV,6.858828457890798e-5
Varari,V8,16.17647059,83.82352941399999,2,2,0,0.19171686713186545,0.8750510189207743,16.10402414957496,0.05169189972531328,0.03602555331731505,0.366598166762653,2.4748981995512334,0.13802419037614708,pH_CV,6.458860662108945e-5
Varari,V8,16.17647059,83.82352941399999,2,2,0,0.19171686713186545,0.8750510189207743,16.10402414957496,0.05169189972531328,0.03602555331731505,0.366598166762653,2.4748981995512334,0.13802419037614708,phos_CV,0.001932096373139548
Varari,V8,16.17647059,83.82352941399999,2,2,0,0.19171686713186545,0.8750510189207743,16.10402414957496,0.05169189972531328,0.03602555331731505,0.366598166762653,2.4748981995512334,0.13802419037614708,NN_CV,0.007467423392493923
Varari,V8,16.17647059,83.82352941399999,2,2,0,0.19171686713186545,0.8750510189207743,16.10402414957496,0.05169189972531328,0.03602555331731505,0.366598166762653,2.4748981995512334,0.13802419037614708,silicate_CV,0.009633010204134427
Varari,V8,16.17647059,83.82352941399999,2,2,0,0.19171686713186545,0.8750510189207743,16.10402414957496,0.05169189972531328,0.03602555331731505,0.366598166762653,2.4748981995512334,0.13802419037614708,ammonia_CV,0.004795869157758466
Varari,V9,37.83783784,62.162162162,19,11,8,0.08773946823245676,0.8502898665413211,16.845065733734966,0.05187080752940168,0.043241914277350864,0.20965237029794023,0.4733588780273234,0.10255821889169502,sal_CV,2.4039033729225455e-5
Varari,V9,37.83783784,62.162162162,19,11,8,0.08773946823245676,0.8502898665413211,16.845065733734966,0.05187080752940168,0.043241914277350864,0.20965237029794023,0.4733588780273234,0.10255821889169502,temp_CV,2.995296755759828e-4
Varari,V9,37.83783784,62.162162162,19,11,8,0.08773946823245676,0.8502898665413211,16.845065733734966,0.05187080752940168,0.043241914277350864,0.20965237029794023,0.4733588780273234,0.10255821889169502,TA_CV,7.163146979641495e-5
Varari,V9,37.83783784,62.162162162,19,11,8,0.08773946823245676,0.8502898665413211,16.845065733734966,0.05187080752940168,0.043241914277350864,0.20965237029794023,0.4733588780273234,0.10255821889169502,pH_CV,6.474612784146893e-5
Varari,V9,37.83783784,62.162162162,19,11,8,0.08773946823245676,0.8502898665413211,16.845065733734966,0.05187080752940168,0.043241914277350864,0.20965237029794023,0.4733588780273234,0.10255821889169502,phos_CV,0.0023296695712362184
Varari,V9,37.83783784,62.162162162,19,11,8,0.08773946823245676,0.8502898665413211,16.845065733734966,0.05187080752940168,0.043241914277350864,0.20965237029794023,0.4733588780273234,0.10255821889169502,NN_CV,0.005662017953290038
Varari,V9,37.83783784,62.162162162,19,11,8,0.08773946823245676,0.8502898665413211,16.845065733734966,0.05187080752940168,0.043241914277350864,0.20965237029794023,0.4733588780273234,0.10255821889169502,silicate_CV,0.003684334237590348
Varari,V9,37.83783784,62.162162162,19,11,8,0.08773946823245676,0.8502898665413211,16.845065733734966,0.05187080752940168,0.043241914277350864,0.20965237029794023,0.4733588780273234,0.10255821889169502,ammonia_CV,0.004061151453693789
Varari,VSEEP,97.5,2.5,NA,NA,NA,NA,NA,NA,NA,NA,NA,NA,NA,sal_CV,NA
Varari,VSEEP,97.5,2.5,NA,NA,NA,NA,NA,NA,NA,NA,NA,NA,NA,temp_CV,NA
Varari,VSEEP,97.5,2.5,NA,NA,NA,NA,NA,NA,NA,NA,NA,NA,NA,TA_CV,NA
Varari,VSEEP,97.5,2.5,NA,NA,NA,NA,NA,NA,NA,NA,NA,NA,NA,pH_CV,NA
Varari,VSEEP,97.5,2.5,NA,NA,NA,NA,NA,NA,NA,NA,NA,NA,NA,phos_CV,NA
Varari,VSEEP,97.5,2.5,NA,NA,NA,NA,NA,NA,NA,NA,NA,NA,NA,NN_CV,NA
Varari,VSEEP,97.5,2.5,NA,NA,NA,NA,NA,NA,NA,NA,NA,NA,NA,silicate_CV,NA
Varari,VSEEP,97.5,2.5,NA,NA,NA,NA,NA,NA,NA,NA,NA,NA,NA,ammonia_CV,NA
