TrisCalDate,(Intercept),TTris,Location,treatmentID_rep,treatment_level,time,sampling_period,experiment_number,date,orion_pH,mV,temp,salinity,light,note,TA,phosphate,silicate,NN,ammonia,mVTris,pH
1/12/24,-87.56246769,1.191300167,Cabral,Fresh_GW,Fresh,6:30:00,1,1,1/13/24,7.33,-5,25.936,0.744,NA,NA,NA,NA,NA,NA,NA,-56.66490656,7.161007538
1/12/24,-87.56246769,1.191300167,Cabral,Low1,Low,7:30:00,1,1,1/13/24,8.24,-53.4,28.457,35.93,100,NA,2367.53447,0.29,4.11,0.67,1.02,-53.66163884,7.983965521
1/12/24,-87.56246769,1.191300167,Cabral,Low2,Low,7:30:00,1,1,1/13/24,8.24,-53,28.418,35.6,106,NA,2371.365378,0.31,5.73,0.86,0.28,-53.70809955,7.977049995
1/12/24,-87.56246769,1.191300167,Cabral,Low3,Low,7:30:00,1,1,1/13/24,8.24,-53.5,28.275,35.7,122,NA,2355.610949,0.23,3.47,0.71,1.82,-53.87845547,7.987151625
1/12/24,-87.56246769,1.191300167,Cabral,Med1,Medium,7:30:00,1,1,1/13/24,8.22,-52.3,28.006,35.3,109,NA,2390.644925,0.3,7.32,1.24,1.43,-54.19891522,7.969190675
1/12/24,-87.56246769,1.191300167,Cabral,Med2,Medium,7:30:00,1,1,1/13/24,8.24,-53.2,28.361,35.44,107,NA,2381.858793,0.28,6.65,1.14,1.36,-53.77600366,7.980693777
1/12/24,-87.56246769,1.191300167,Cabral,Med3,Medium,7:30:00,1,1,1/13/24,8.23,-52.6,28.468,35.31,129,NA,2354.232926,0.32,7.12,1.28,0.95,-53.64853454,7.969259101
1/12/24,-87.56246769,1.191300167,Cabral,High1,High,7:30:00,1,1,1/13/24,8.25,-53.7,28.259,34.36,126,NA,2441.19677,0.41,13.76,2.71,2.73,-53.89751627,7.988070979
1/12/24,-87.56246769,1.191300167,Cabral,High2,High,7:30:00,1,1,1/13/24,8.19,-50.4,27.719,34.48,104,NA,2448.419,0.53,14.71,2.71,0.61,-54.54081836,7.938845493
1/12/24,-87.56246769,1.191300167,Cabral,High3,High,7:30:00,1,1,1/13/24,8.22,-52.4,28.695,35.01,116,NA,2443.870626,0.4,13.21,2.41,1.43,-53.3781094,7.962899697
1/12/24,-87.56246769,1.191300167,Cabral,Ambient1,Ambient,7:30:00,1,1,1/13/24,8.3,-56.2,28.761,35.68,125,NA,2347.161172,0.29,2.99,0.74,2.86,-53.29948359,8.02692136
1/12/24,-87.56246769,1.191300167,Cabral,Ambient2,Ambient,7:30:00,1,1,1/13/24,8.25,-53.9,28.619,35.94,123,NA,2361.055335,0.27,2.73,0.41,0.65,-53.46864821,7.990580906
1/12/24,-87.56246769,1.191300167,Cabral,Ambient3,Ambient,7:30:00,1,1,1/13/24,8.25,-53.7,28.689,35.99,124,NA,2348.890804,0.26,2.77,0.44,2.88,-53.3852572,7.986580373
1/12/24,-87.56246769,1.191300167,Cabral,Low1,Low,12:30:00,2,1,1/13/24,8.25,-53.9,30.524,36.01,380,NA,NA,NA,NA,NA,NA,-51.1992214,7.970038385
1/12/24,-87.56246769,1.191300167,Cabral,Low2,Low,12:30:00,2,1,1/13/24,8.25,-53.6,30.496,35.81,252,NA,NA,NA,NA,NA,NA,-51.2325778,7.964984915
1/12/24,-87.56246769,1.191300167,Cabral,Low3,Low,12:30:00,2,1,1/13/24,8.25,-54,30.407,35.57,385,NA,NA,NA,NA,NA,NA,-51.33860352,7.972138213
1/12/24,-87.56246769,1.191300167,Cabral,Med1,Medium,12:30:00,2,1,1/13/24,8.23,-52.7,30.484,35.53,325,NA,NA,NA,NA,NA,NA,-51.2468734,7.949651561
1/12/24,-87.56246769,1.191300167,Cabral,Med2,Medium,12:30:00,2,1,1/13/24,8.23,-52.8,30.27,35.56,502,NA,NA,NA,NA,NA,NA,-51.50181164,7.953672133
1/12/24,-87.56246769,1.191300167,Cabral,Med3,Medium,12:30:00,2,1,1/13/24,8.25,-54.1,30.417,35.48,382,NA,NA,NA,NA,NA,NA,-51.32669051,7.973521912
1/12/24,-87.56246769,1.191300167,Cabral,High1,High,12:30:00,2,1,1/13/24,8.19,-50.4,30.415,34.64,522,NA,NA,NA,NA,NA,NA,-51.32907311,7.91057341
1/12/24,-87.56246769,1.191300167,Cabral,High2,High,12:30:00,2,1,1/13/24,8.2,-51.1,30.535,34.74,342,NA,NA,NA,NA,NA,NA,-51.18611709,7.92109958
1/12/24,-87.56246769,1.191300167,Cabral,High3,High,12:30:00,2,1,1/13/24,8.26,-54.5,30.587,34.8,354,NA,NA,NA,NA,NA,NA,-51.12416949,7.977069711
1/12/24,-87.56246769,1.191300167,Cabral,Ambient1,Ambient,12:30:00,2,1,1/13/24,8.28,-55.2,30.624,36.14,365,NA,NA,NA,NA,NA,NA,-51.08009138,7.990767356
1/12/24,-87.56246769,1.191300167,Cabral,Ambient2,Ambient,12:30:00,2,1,1/13/24,8.25,-53.5,30.245,36.14,477,NA,NA,NA,NA,NA,NA,-51.53159414,7.966670276
1/12/24,-87.56246769,1.191300167,Cabral,Ambient3,Ambient,12:30:00,2,1,1/13/24,8.24,-53,30.41,36.2,365,NA,NA,NA,NA,NA,NA,-51.33502961,7.956695873
1/12/24,-87.56246769,1.191300167,Cabral,Low1,Low,18:00:00,3,1,1/13/24,8.27,-54.5,29.612,36.4,NA,apogee batttery issue,NA,NA,NA,NA,NA,-52.28568715,7.990685619
1/12/24,-87.56246769,1.191300167,Cabral,Low2,Low,18:00:00,3,1,1/13/24,8.26,-54.5,29.886,36.19,NA,NA,NA,NA,NA,NA,NA,-51.9592709,7.987288733
1/12/24,-87.56246769,1.191300167,Cabral,Low3,Low,18:00:00,3,1,1/13/24,8.25,-53.9,29.596,36.31,NA,NA,NA,NA,NA,NA,NA,-52.30474795,7.98069534
1/12/24,-87.56246769,1.191300167,Cabral,Med1,Medium,18:00:00,3,1,1/13/24,8.21,-51.8,29.627,35.85,NA,NA,NA,NA,NA,NA,NA,-52.26781765,7.944509634
1/12/24,-87.56246769,1.191300167,Cabral,Med2,Medium,18:00:00,3,1,1/13/24,8.24,-53,30.221,35.89,NA,NA,NA,NA,NA,NA,NA,-51.56018535,7.958146441
1/12/24,-87.56246769,1.191300167,Cabral,Med3,Medium,18:00:00,3,1,1/13/24,8.23,-52.5,29.567,35.96,NA,NA,NA,NA,NA,NA,NA,-52.33929566,7.957020312
1/12/24,-87.56246769,1.191300167,Cabral,High1,High,18:00:00,3,1,1/13/24,8.22,-52.3,29.515,34.99,NA,NA,NA,NA,NA,NA,NA,-52.40124326,7.952399453
1/12/24,-87.56246769,1.191300167,Cabral,High2,High,18:00:00,3,1,1/13/24,8.22,-52.4,29.079,35.04,NA,NA,NA,NA,NA,NA,NA,-52.92065014,7.958836223
1/12/24,-87.56246769,1.191300167,Cabral,High3,High,18:00:00,3,1,1/13/24,8.26,-54.1,29.018,35.4,NA,NA,NA,NA,NA,NA,NA,-52.99331945,7.98853404
1/12/24,-87.56246769,1.191300167,Cabral,Ambient1,Ambient,18:00:00,3,1,1/13/24,8.28,-55.4,29.63,36.98,NA,NA,NA,NA,NA,NA,NA,-52.26424374,8.0066204
1/12/24,-87.56246769,1.191300167,Cabral,Ambient2,Ambient,18:00:00,3,1,1/13/24,8.24,-53.5,29.383,36.43,NA,NA,NA,NA,NA,NA,NA,-52.55849489,7.97658427
1/12/24,-87.56246769,1.191300167,Cabral,Ambient3,Ambient,18:00:00,3,1,1/13/24,8.24,-53.4,29.629,36.6,NA,NA,NA,NA,NA,NA,NA,-52.26543505,7.972584872
1/14/24,-90.64380777,1.258839738,Cabral,Fresh_GW,Fresh,6:40:00,1,2,1/14/24,7.38,-7.5,25.814,0.365,NA,NA,5273.887603,1.18,332.92,36.51,1.39,-58.14811878,7.181379996
1/14/24,-90.64380777,1.258839738,Cabral,Fresh_GW,Fresh,17:00:00,2,2,1/14/24,7.64,-4.4,23.92,0.367,NA,NA,NA,1.32,298.65,24.59,6.94,-60.53236124,7.138075828
1/14/24,-90.64380777,1.258839738,Cabral,Low1,Low,7:20:00,4,1,1/14/24,8.19,-53.1,28.72,35.39,NA,new salinity calibration,NA,1.23,280.03,1.58,1.52,-54.4899305,7.955991413
1/14/24,-90.64380777,1.258839738,Cabral,Low2,Low,7:20:00,4,1,1/14/24,8.19,-53.2,28.566,35.21,NA,NA,NA,1.67,246.21,0.61,9.09,-54.68379182,7.958790291
1/14/24,-90.64380777,1.258839738,Cabral,Low3,Low,7:20:00,4,1,1/14/24,8.19,-53.3,28.669,35.4,NA,NA,NA,2.03,275.96,0.34,18.69,-54.55413133,7.959839933
1/14/24,-90.64380777,1.258839738,Cabral,Med1,Medium,7:20:00,4,1,1/14/24,8.17,-52,28.547,34.9,NA,NA,NA,2.04,616.45,50.14,12.61,-54.70770978,7.938329599
1/14/24,-90.64380777,1.258839738,Cabral,Med2,Medium,7:20:00,4,1,1/14/24,8.2,-53.6,28.725,34.93,NA,NA,NA,8.88,266.05,51.26,86.84,-54.48363631,7.963405294
1/14/24,-90.64380777,1.258839738,Cabral,Med3,Medium,7:20:00,4,1,1/14/24,8.19,-52.9,28.597,34.94,NA,NA,NA,NA,NA,NA,NA,-54.64476779,7.952962322
1/14/24,-90.64380777,1.258839738,Cabral,High1,High,7:20:00,4,1,1/14/24,8.18,-52.7,28.717,34.14,NA,NA,NA,NA,NA,NA,NA,-54.49370702,7.946967693
1/14/24,-90.64380777,1.258839738,Cabral,High2,High,7:20:00,4,1,1/14/24,8.17,-53.8,28.824,34.13,NA,NA,NA,NA,NA,NA,NA,-54.35901117,7.964289378
1/14/24,-90.64380777,1.258839738,Cabral,High3,High,7:20:00,4,1,1/14/24,8.22,-54.4,28.616,34.33,NA,NA,NA,NA,NA,NA,NA,-54.62084984,7.976675542
1/14/24,-90.64380777,1.258839738,Cabral,Ambient1,Ambient,7:20:00,4,1,1/14/24,8.22,-54.3,28.472,35.54,NA,NA,NA,NA,NA,NA,NA,-54.80212276,7.978715958
1/14/24,-90.64380777,1.258839738,Cabral,Ambient2,Ambient,7:20:00,4,1,1/14/24,8.19,-53.3,28.87,35.48,NA,NA,NA,NA,NA,NA,NA,-54.30110454,7.9580634
1/14/24,-90.64380777,1.258839738,Cabral,Ambient3,Ambient,7:20:00,4,1,1/14/24,8.2,-53.4,28.734,35.56,NA,NA,NA,NA,NA,NA,NA,-54.47230675,7.961196104
1/14/24,-90.64380777,1.258839738,Cabral,Low1,Low,10:00:00,1,2,1/14/24,8.26,-54.5,29.169,34.49,NA,NA,2373.081099,0.23,3.49,0.57,2,-53.92471146,7.973320159
1/14/24,-90.64380777,1.258839738,Cabral,Low2,Low,10:00:00,1,2,1/14/24,8.24,-53.1,29.257,33.47,NA,NA,2387.31106,0.22,3.47,0.38,0.26,-53.81393356,7.947283119
1/14/24,-90.64380777,1.258839738,Cabral,Low3,Low,10:00:00,1,2,1/14/24,8.22,-52.3,29.132,34.46,NA,NA,2372.544712,0.21,3.31,0.48,1.09,-53.97128853,7.936941397
1/14/24,-90.64380777,1.258839738,Cabral,Med1,Medium,10:00:00,1,2,1/14/24,8.22,-52.1,29.235,34.06,NA,NA,2399.357507,0.21,7.03,0.85,0.1,-53.84162804,7.931892246
1/14/24,-90.64380777,1.258839738,Cabral,Med2,Medium,10:00:00,1,2,1/14/24,8.22,-52.1,29.085,34.09,NA,NA,2396.125451,0.26,6.14,0.86,0.97,-54.030454,7.933369079
1/14/24,-90.64380777,1.258839738,Cabral,Med3,Medium,10:00:00,1,2,1/14/24,8.25,-53.9,29.151,34.11,NA,NA,2410.296189,0.3,6.25,1.75,2.01,-53.94737058,7.962788573
1/14/24,-90.64380777,1.258839738,Cabral,High1,High,10:00:00,1,2,1/14/24,8.24,-53.1,29.169,33.21,NA,NA,2491.554806,0.33,11.88,1.93,1.47,-53.92471146,7.947655891
1/14/24,-90.64380777,1.258839738,Cabral,High2,High,10:00:00,1,2,1/14/24,8.2,-51.1,29.18,33.35,NA,NA,2480.993944,0.27,10.76,1.72,2.7,-53.91086422,7.914460942
1/14/24,-90.64380777,1.258839738,Cabral,High3,High,10:00:00,1,2,1/14/24,8.2,-51,29.278,33.38,NA,NA,2481.625196,0.29,9.61,1.3,3.88,-53.78749793,7.911927841
1/14/24,-90.64380777,1.258839738,Cabral,Ambient1,Ambient,10:00:00,1,2,1/14/24,8.27,-54.8,28.793,34.74,NA,NA,2358.733127,0.13,2.73,0.38,0.35,-54.3980352,7.982420539
1/14/24,-90.64380777,1.258839738,Cabral,Ambient2,Ambient,10:00:00,1,2,1/14/24,8.29,-55.6,30.444,34.61,NA,NA,2355.913455,0.19,1.99,0.35,1.49,-52.3196908,7.979515816
1/14/24,-90.64380777,1.258839738,Cabral,Ambient3,Ambient,10:00:00,1,2,1/14/24,8.24,-53.2,29.081,34.61,NA,NA,2363.679493,0.21,2.18,0.3,14,-54.03548936,7.952714067
1/14/24,-90.64380777,1.258839738,Cabral,Low1,Low,16:05:00,2,2,1/14/24,8.23,-52.5,30.136,34.85,75,lux batt was questionable,NA,NA,NA,NA,NA,-52.70741344,7.931428425
1/14/24,-90.64380777,1.258839738,Cabral,Low2,Low,16:05:00,2,2,1/14/24,8.25,-53.7,30.028,34.82,79,NA,NA,NA,NA,NA,NA,-52.84336813,7.952351339
1/14/24,-90.64380777,1.258839738,Cabral,Low3,Low,16:05:00,2,2,1/14/24,8.27,-54.9,30.787,34.94,87,NA,NA,NA,NA,NA,NA,-51.88790877,7.965175507
1/14/24,-90.64380777,1.258839738,Cabral,Med1,Medium,16:05:00,2,2,1/14/24,8.23,-52.9,30.131,34.5,71,NA,NA,NA,NA,NA,NA,-52.71370763,7.93748444
1/14/24,-90.64380777,1.258839738,Cabral,Med2,Medium,16:05:00,2,2,1/14/24,8.23,-52.4,30.557,34.48,91,NA,NA,NA,NA,NA,NA,-52.17744191,7.925085019
1/14/24,-90.64380777,1.258839738,Cabral,Med3,Medium,16:05:00,2,2,1/14/24,8.21,-51.8,30.783,34.6,87,NA,NA,NA,NA,NA,NA,-51.89294412,7.913198754
1/14/24,-90.64380777,1.258839738,Cabral,High1,High,16:05:00,2,2,1/14/24,8.21,-51.4,30.831,33.65,85,NA,NA,NA,NA,NA,NA,-51.83251982,7.904446007
1/14/24,-90.64380777,1.258839738,Cabral,High2,High,16:05:00,2,2,1/14/24,8.19,-50.4,30.179,33.72,67,NA,NA,NA,NA,NA,NA,-52.65328333,7.894097183
1/14/24,-90.64380777,1.258839738,Cabral,High3,High,16:05:00,2,2,1/14/24,8.25,-53.7,30.149,33.76,93,NA,NA,NA,NA,NA,NA,-52.69104852,7.949283222
1/14/24,-90.64380777,1.258839738,Cabral,Ambient1,Ambient,16:05:00,2,2,1/14/24,8.24,-53.4,30.002,33.15,87,NA,NA,NA,NA,NA,NA,-52.87609796,7.944632953
1/14/24,-90.64380777,1.258839738,Cabral,Ambient2,Ambient,16:05:00,2,2,1/14/24,8.23,-52.7,30.799,35.02,99,NA,NA,NA,NA,NA,NA,-51.87280269,7.928726218
1/14/24,-90.64380777,1.258839738,Cabral,Ambient3,Ambient,16:05:00,2,2,1/14/24,8.27,-54.7,30.713,34.72,85,NA,NA,NA,NA,NA,NA,-51.98106291,7.962177071
1/14/24,-90.64380777,1.258839738,Cabral,Low1,Low,9:00:00,3,2,1/15/24,8.26,-54.1,29.283,35.34,298,NA,NA,NA,NA,NA,NA,-53.78120373,7.96715633
1/14/24,-90.64380777,1.258839738,Cabral,Low2,Low,9:00:00,3,2,1/15/24,8.26,-54.2,29.221,35.42,286,NA,NA,NA,NA,NA,NA,-53.8592518,7.969574704
1/14/24,-90.64380777,1.258839738,Cabral,Low3,Low,9:00:00,3,2,1/15/24,8.27,-54.7,29.251,35.66,304,NA,NA,NA,NA,NA,NA,-53.8214866,7.978079882
1/14/24,-90.64380777,1.258839738,Cabral,Med1,Medium,9:00:00,3,2,1/15/24,8.26,-54.3,29.376,35.06,303,NA,NA,NA,NA,NA,NA,-53.66413164,7.969059559
1/14/24,-90.64380777,1.258839738,Cabral,Med2,Medium,9:00:00,3,2,1/15/24,8.25,-53.7,29.219,35.1,253,NA,NA,NA,NA,NA,NA,-53.86176947,7.960649608
1/14/24,-90.64380777,1.258839738,Cabral,Med3,Medium,9:00:00,3,2,1/15/24,8.25,-53.7,29.173,35.13,311,NA,NA,NA,NA,NA,NA,-53.9196761,7.961149015
1/14/24,-90.64380777,1.258839738,Cabral,High1,High,9:00:00,3,2,1/15/24,8.26,-54.4,29.294,34.24,305,NA,NA,NA,NA,NA,NA,-53.76735649,7.969988589
1/14/24,-90.64380777,1.258839738,Cabral,High2,High,9:00:00,3,2,1/15/24,8.24,-53.3,28.952,34.23,279,NA,NA,NA,NA,NA,NA,-54.19787968,7.954907459
1/14/24,-90.64380777,1.258839738,Cabral,High3,High,9:00:00,3,2,1/15/24,8.29,-55.8,29.396,34.29,321,NA,NA,NA,NA,NA,NA,-53.63895484,7.992420661
1/14/24,-90.64380777,1.258839738,Cabral,Ambient1,Ambient,9:00:00,3,2,1/15/24,8.24,-53.4,29.276,35.18,290,NA,NA,NA,NA,NA,NA,-53.79001561,7.955253883
1/14/24,-90.64380777,1.258839738,Cabral,Ambient2,Ambient,9:00:00,3,2,1/15/24,8.24,-53.3,29.326,35.6,286,NA,NA,NA,NA,NA,NA,-53.72707362,7.953910378
1/14/24,-90.64380777,1.258839738,Cabral,Ambient3,Ambient,9:00:00,3,2,1/15/24,8.27,-54.7,29.23,35.64,313,NA,NA,NA,NA,NA,NA,-53.84792224,7.978244891
1/14/24,-90.64380777,1.258839738,Cabral,Fresh_GW,Fresh,6:45:00,1,3,1/15/24,NA,-21.5,29.719,0.339,NA,NA,5485.770725,1.32,298.65,24.59,6.94,-53.23234961,7.395281777
1/14/24,-90.64380777,1.258839738,Cabral,Low1,Low,12:00:00,1,3,1/15/24,NA,-51.9,29.639,34.61,435,NA,2373.045147,0.26,3.3,0.43,7.19,-53.33305678,7.925738424
1/14/24,-90.64380777,1.258839738,Cabral,Low2,Low,12:00:00,1,3,1/15/24,NA,-53.4,30.052,34.56,395,NA,2375.357579,0.21,3.34,0.41,1.66,-52.81315597,7.946658558
1/14/24,-90.64380777,1.258839738,Cabral,Low3,Low,12:00:00,1,3,1/15/24,NA,-54.1,30.311,34.57,479,NA,2378.428297,0.19,2.85,0.46,2.16,-52.48711648,7.955821899
1/14/24,-90.64380777,1.258839738,Cabral,Med1,Medium,12:00:00,1,3,1/15/24,NA,-53.5,29.688,34.24,480,NA,2405.60747,0.31,5.72,0.94,3.55,-53.27137364,7.951223058
1/14/24,-90.64380777,1.258839738,Cabral,Med2,Medium,12:00:00,1,3,1/15/24,NA,-50.5,30.098,34.23,475,NA,2405.785271,0.26,5.23,0.71,1.71,-52.75524935,7.897425565
1/14/24,-90.64380777,1.258839738,Cabral,Med3,Medium,12:00:00,1,3,1/15/24,NA,-53.2,30.096,34.22,505,NA,2416.719756,0.26,4.4,1.16,13.24,-52.75776702,7.942298838
1/14/24,-90.64380777,1.258839738,Cabral,High1,High,12:00:00,1,3,1/15/24,NA,-51.6,30.148,33.37,394,NA,2490.201695,0.3,10.09,1.18,0.68,-52.69230736,7.913715706
1/14/24,-90.64380777,1.258839738,Cabral,High2,High,12:00:00,1,3,1/15/24,NA,-50.6,30.069,33.46,436,NA,2488.784105,0.23,8.34,1.07,3.68,-52.7917557,7.897995707
1/14/24,-90.64380777,1.258839738,Cabral,High3,High,12:00:00,1,3,1/15/24,NA,-51.1,30.016,33.47,473,NA,2489.588997,0.31,11.48,1.24,5.47,-52.8584742,7.906821572
1/14/24,-90.64380777,1.258839738,Cabral,Ambient1,Ambient,12:00:00,1,3,1/15/24,NA,-53.9,29.92,34.8,488,NA,2355.118765,0.29,3.11,1.16,5.04,-52.97932282,7.956677544
1/14/24,-90.64380777,1.258839738,Cabral,Ambient2,Ambient,12:00:00,1,3,1/15/24,NA,-53.2,30.049,34.74,483,NA,2358.365651,0.21,1.9,0.59,4.87,-52.81693249,7.943691774
1/14/24,-90.64380777,1.258839738,Cabral,Ambient3,Ambient,12:00:00,1,3,1/15/24,NA,-51.6,30.212,34.75,NA,NA,NA,0.17,1.71,0.32,1.79,-52.61174162,7.915568658
1/14/24,-90.64380777,1.258839738,Cabral,Low1,Low,17:15:00,2,3,1/15/24,NA,-53.7,29.795,34.98,47,NA,NA,NA,NA,NA,NA,-53.13667779,7.954886148
1/14/24,-90.64380777,1.258839738,Cabral,Low2,Low,17:15:00,2,3,1/15/24,NA,-50.3,29.676,34.95,43,NA,NA,NA,NA,NA,NA,-53.28647971,7.899389556
1/14/24,-90.64380777,1.258839738,Cabral,Low3,Low,17:15:00,2,3,1/15/24,NA,-54.5,29.76,34.96,49,NA,NA,NA,NA,NA,NA,-53.18073718,7.968495592
1/14/24,-90.64380777,1.258839738,Cabral,Med1,Medium,17:15:00,2,3,1/15/24,NA,-50.1,30.964,34.65,38,NA,NA,NA,NA,NA,NA,-51.66509413,7.883397249
1/14/24,-90.64380777,1.258839738,Cabral,Med2,Medium,17:15:00,2,3,1/15/24,NA,-55.2,29.703,34.55,38,NA,NA,NA,NA,NA,NA,-53.25249104,7.979935652
1/14/24,-90.64380777,1.258839738,Cabral,Med3,Medium,17:15:00,2,3,1/15/24,NA,-54.1,29.715,34.62,51,NA,NA,NA,NA,NA,NA,-53.23738496,7.961643955
1/14/24,-90.64380777,1.258839738,Cabral,High1,High,17:15:00,2,3,1/15/24,NA,-54,29.746,33.67,45,NA,NA,NA,NA,NA,NA,-53.19836093,7.957964172
1/14/24,-90.64380777,1.258839738,Cabral,High2,High,17:15:00,2,3,1/15/24,NA,-49.9,29.712,33.76,45,NA,NA,NA,NA,NA,NA,-53.24116148,7.890223632
1/14/24,-90.64380777,1.258839738,Cabral,High3,High,17:15:00,2,3,1/15/24,NA,-52.2,29.669,33.77,48,NA,NA,NA,NA,NA,NA,-53.29529159,7.928921818
1/14/24,-90.64380777,1.258839738,Cabral,Ambient1,Ambient,17:15:00,2,3,1/15/24,NA,-55,29.706,35.06,50,NA,NA,NA,NA,NA,NA,-53.24871452,7.977524159
1/14/24,-90.64380777,1.258839738,Cabral,Ambient2,Ambient,17:15:00,2,3,1/15/24,NA,-52.2,29.733,35.05,45,NA,NA,NA,NA,NA,NA,-53.21472585,7.930653764
1/14/24,-90.64380777,1.258839738,Cabral,Ambient3,Ambient,17:15:00,2,3,1/15/24,NA,-54.2,29.703,35.12,46,NA,NA,NA,NA,NA,NA,-53.25249104,7.96435284
1/16/24,-84.17345769,1.092070218,Cabral,Low1,Low,11:00:00,3,3,1/16/24,NA,-52.6,29.314,35.58,214,NA,NA,NA,NA,NA,NA,-52.16051132,7.968677998
1/16/24,-84.17345769,1.092070218,Cabral,Low2,Low,11:00:00,3,3,1/16/24,NA,-54.5,29.271,35.6,174,NA,NA,NA,NA,NA,NA,-52.20747034,8.000914761
1/16/24,-84.17345769,1.092070218,Cabral,Low3,Low,11:00:00,3,3,1/16/24,NA,-50.6,29.534,35.66,187,NA,NA,NA,NA,NA,NA,-51.92025587,7.932793219
1/16/24,-84.17345769,1.092070218,Cabral,Med1,Medium,11:00:00,3,3,1/16/24,NA,-54.4,29.321,35.2,162,NA,NA,NA,NA,NA,NA,-52.15286683,7.997855971
1/16/24,-84.17345769,1.092070218,Cabral,Med2,Medium,11:00:00,3,3,1/16/24,NA,-54.3,29.418,35.2,213,NA,NA,NA,NA,NA,NA,-52.04693602,7.994975342
1/16/24,-84.17345769,1.092070218,Cabral,Med3,Medium,11:00:00,3,3,1/16/24,NA,-54.6,29.463,35.22,248,NA,NA,NA,NA,NA,NA,-51.99779286,7.999446122
1/16/24,-84.17345769,1.092070218,Cabral,High1,High,11:00:00,3,3,1/16/24,NA,-55.6,29.447,34.21,166,NA,NA,NA,NA,NA,NA,-52.01526598,8.014422263
1/16/24,-84.17345769,1.092070218,Cabral,High2,High,11:00:00,3,3,1/16/24,NA,-52.4,29.306,34.34,273,NA,NA,NA,NA,NA,NA,-52.16924788,7.963108812
1/16/24,-84.17345769,1.092070218,Cabral,High3,High,11:00:00,3,3,1/16/24,NA,-57.1,29.416,34.36,240,NA,NA,NA,NA,NA,NA,-52.04912016,8.040071295
1/16/24,-84.17345769,1.092070218,Cabral,Ambient1,Ambient,11:00:00,3,3,1/16/24,NA,-53.6,29.311,35.69,212,NA,NA,NA,NA,NA,NA,-52.16378753,7.98559004
1/16/24,-84.17345769,1.092070218,Cabral,Ambient2,Ambient,11:00:00,3,3,1/16/24,NA,-55.4,29.39,35.61,204,NA,NA,NA,NA,NA,NA,-52.07751398,8.014432828
1/16/24,-84.17345769,1.092070218,Cabral,Ambient3,Ambient,11:00:00,3,3,1/16/24,NA,-54,29.447,35.67,207,NA,NA,NA,NA,NA,NA,-52.01526598,7.990512931
1/16/24,-84.17345769,1.092070218,Cabral,Low1,Low,8:30:00,1,4,1/17/24,NA,-52.3,28.426,34.94,245,NA,2379.100173,0.21,3.54,0.48,0.41,-53.13026967,7.973477928
1/16/24,-84.17345769,1.092070218,Cabral,Low2,Low,8:30:00,1,4,1/17/24,NA,-51,28.315,34.95,203,NA,2385.288505,0.3,3.65,0.5,0.86,-53.25148947,7.953142541
1/16/24,-84.17345769,1.092070218,Cabral,Low3,Low,8:30:00,1,4,1/17/24,NA,-52.1,28.648,34.83,242,NA,2381.405777,0.23,2.87,0.43,1.41,-52.88783008,7.967172267
1/16/24,-84.17345769,1.092070218,Cabral,Med1,Medium,8:30:00,1,4,1/17/24,NA,-50.6,28.424,34.63,274,NA,2419.41641,0.34,5.99,0.43,0.72,-53.13245381,7.944499487
1/16/24,-84.17345769,1.092070218,Cabral,Med2,Medium,8:30:00,1,4,1/17/24,NA,-48.6,28.463,34.5,281,NA,2425.863189,0.3,6.03,0.45,0.74,-53.08986307,7.910353951
1/16/24,-84.17345769,1.092070218,Cabral,Med3,Medium,8:30:00,1,4,1/17/24,NA,-50.1,28.683,34.4,296,NA,2412.764221,0.22,4.99,0.38,2.61,-52.84960763,7.932530796
1/16/24,-84.17345769,1.092070218,Cabral,High1,High,8:30:00,1,4,1/17/24,NA,-50.1,28.448,33.59,271,NA,2501.31282,0.33,9.31,0.37,1.66,-53.10624413,7.933904888
1/16/24,-84.17345769,1.092070218,Cabral,High2,High,8:30:00,1,4,1/17/24,NA,-49.7,28.282,33.65,235,NA,2506.426092,0.4,12.34,0.5,0.66,-53.28752778,7.929357855
1/16/24,-84.17345769,1.092070218,Cabral,High3,High,8:30:00,1,4,1/17/24,NA,-48.3,28.474,33.74,237,NA,2517.068613,0.43,12.47,0.4,0.47,-53.0778503,7.903786983
1/16/24,-84.17345769,1.092070218,Cabral,Ambient1,Ambient,8:30:00,1,4,1/17/24,NA,-53.5,28.35,35.02,258,NA,2358.967392,0.25,2.41,0.34,0.39,-53.21326701,7.994634825
1/16/24,-84.17345769,1.092070218,Cabral,Ambient2,Ambient,8:30:00,1,4,1/17/24,NA,-52.3,28.391,34.94,251,NA,2367.106351,0.24,2.25,0.48,0.57,-53.16849213,7.973912467
1/16/24,-84.17345769,1.092070218,Cabral,Ambient3,Ambient,8:30:00,1,4,1/17/24,NA,-52.2,28.577,35.01,284,NA,2370.85417,0.24,2.27,0.52,0.38,-52.96536707,7.970067579
1/16/24,-84.17345769,1.092070218,Cabral,Fresh_GW,Fresh,14:00:00,1,4,1/17/24,NA,-26.4,26.562,0.357,NA,collected at ~6am,5696.407258,1.23,280.03,1.58,1.52,-55.16588856,7.529847653
1/16/24,-84.17345769,1.092070218,Cabral,Low1,Low,16:00:00,2,4,1/17/24,NA,-52.1,30.241,35.39,184,NA,NA,NA,NA,NA,NA,-51.14816223,7.948486518
1/16/24,-84.17345769,1.092070218,Cabral,Low2,Low,16:00:00,2,4,1/17/24,NA,-52.6,30.199,35.42,188,NA,NA,NA,NA,NA,NA,-51.19402918,7.957370068
1/16/24,-84.17345769,1.092070218,Cabral,Low3,Low,16:00:00,2,4,1/17/24,NA,-53.2,30.388,35.36,226,NA,NA,NA,NA,NA,NA,-50.9876279,7.964872821
1/16/24,-84.17345769,1.092070218,Cabral,Med1,Medium,16:00:00,2,4,1/17/24,NA,-52.5,30.21,35.03,198,NA,NA,NA,NA,NA,NA,-51.1820164,7.954847504
1/16/24,-84.17345769,1.092070218,Cabral,Med2,Medium,16:00:00,2,4,1/17/24,NA,-51.8,30.273,34.97,214,NA,NA,NA,NA,NA,NA,-51.11321598,7.942329241
1/16/24,-84.17345769,1.092070218,Cabral,Med3,Medium,16:00:00,2,4,1/17/24,NA,-51.8,30.419,34.91,225,NA,NA,NA,NA,NA,NA,-50.95377373,7.940415683
1/16/24,-84.17345769,1.092070218,Cabral,High1,High,16:00:00,2,4,1/17/24,NA,-52,30.39,33.99,217,NA,NA,NA,NA,NA,NA,-50.98544376,7.94244135
1/16/24,-84.17345769,1.092070218,Cabral,High2,High,16:00:00,2,4,1/17/24,NA,-51.2,30.22,34.01,207,NA,NA,NA,NA,NA,NA,-51.1710957,7.931280871
1/16/24,-84.17345769,1.092070218,Cabral,High3,High,16:00:00,2,4,1/17/24,NA,-51.1,30.269,34.19,236,NA,NA,NA,NA,NA,NA,-51.11758426,7.929338611
1/16/24,-84.17345769,1.092070218,Cabral,Ambient1,Ambient,16:00:00,2,4,1/17/24,NA,-53.4,30.239,35.47,192,NA,NA,NA,NA,NA,NA,-51.15034637,7.970255994
1/16/24,-84.17345769,1.092070218,Cabral,Ambient2,Ambient,16:00:00,2,4,1/17/24,NA,-53.3,30.298,35.41,193,NA,NA,NA,NA,NA,NA,-51.08591422,7.967747446
1/16/24,-84.17345769,1.092070218,Cabral,Ambient3,Ambient,16:00:00,2,4,1/17/24,NA,-52.7,30.316,35.45,202,NA,NA,NA,NA,NA,NA,-51.06625696,7.95763342
1/16/24,-84.17345769,1.092070218,Cabral,Low1,Low,7:00:00,3,4,1/18/24,NA,-52.5,28.416,35.85,79,NA,NA,NA,NA,NA,NA,-53.14119038,7.978723848
1/16/24,-84.17345769,1.092070218,Cabral,Low2,Low,7:00:00,3,4,1/18/24,NA,-52.9,28.376,35.92,73,NA,NA,NA,NA,NA,NA,-53.18487318,7.98604759
1/16/24,-84.17345769,1.092070218,Cabral,Low3,Low,7:00:00,3,4,1/18/24,NA,-52.4,28.261,36.02,NA,NA,NA,NA,NA,NA,NA,-53.31046126,7.979324464
1/16/24,-84.17345769,1.092070218,Cabral,Med1,Medium,7:00:00,3,4,1/18/24,NA,-52.1,28.417,35.58,89,NA,NA,NA,NA,NA,NA,-53.1400983,7.97149299
1/16/24,-84.17345769,1.092070218,Cabral,Med2,Medium,7:00:00,3,4,1/18/24,NA,-52.2,28.17,35.54,98,NA,NA,NA,NA,NA,NA,-53.40983965,7.976158379
1/16/24,-84.17345769,1.092070218,Cabral,Med3,Medium,7:00:00,3,4,1/18/24,NA,-52.7,28.188,35.5,101,NA,NA,NA,NA,NA,NA,-53.39018238,7.984217759
1/16/24,-84.17345769,1.092070218,Cabral,High1,High,7:00:00,3,4,1/18/24,NA,-52.7,28.204,34.59,98,NA,NA,NA,NA,NA,NA,-53.37270926,7.982250635
1/16/24,-84.17345769,1.092070218,Cabral,High2,High,7:00:00,3,4,1/18/24,NA,-52.8,28.345,34.65,72,NA,NA,NA,NA,NA,NA,-53.21872736,7.982284979
1/16/24,-84.17345769,1.092070218,Cabral,High3,High,7:00:00,3,4,1/18/24,NA,-51.8,28.412,34.81,88,NA,NA,NA,NA,NA,NA,-53.14555866,7.965045848
1/16/24,-84.17345769,1.092070218,Cabral,Ambient1,Ambient,7:00:00,3,4,1/18/24,NA,-53.5,28.308,36.06,87,NA,NA,NA,NA,NA,NA,-53.25913396,7.997208069
1/16/24,-84.17345769,1.092070218,Cabral,Ambient2,Ambient,7:00:00,3,4,1/18/24,NA,-52.1,28.295,35.99,97,NA,NA,NA,NA,NA,NA,-53.27333087,7.973824681
1/16/24,-84.17345769,1.092070218,Cabral,Ambient3,Ambient,7:00:00,3,4,1/18/24,NA,-52.3,28.167,36.09,NA,NA,NA,NA,NA,NA,NA,-53.41311586,7.978965338
1/16/24,-84.17345769,1.092070218,Cabral,Fresh_GW,Fresh,6:15:00,1,5,1/18/24,NA,-9.8,24.884,0.343,NA,NA,5779.586102,1.67,246.21,0.61,9.09,-56.99838239,7.264069238
1/16/24,-84.17345769,1.092070218,Cabral,Low1,Low,9:40:00,1,5,1/18/24,NA,-53.2,29.212,34.95,Na,NA,2387.324787,0.24,2.89,0.3,0.2,-52.27190248,7.978745787
1/16/24,-84.17345769,1.092070218,Cabral,Low2,Low,9:40:00,1,5,1/18/24,NA,-53.1,29.287,34.92,NA,NA,2395.762882,0.25,2.95,0.25,0.21,-52.18999722,7.976089193
1/16/24,-84.17345769,1.092070218,Cabral,Low3,Low,9:40:00,1,5,1/18/24,NA,-52.1,29.349,34.91,NA,NA,2391.436975,0.24,2.83,0.32,0.8,-52.12228886,7.958638586
1/16/24,-84.17345769,1.092070218,Cabral,Med1,Medium,9:40:00,1,5,1/18/24,NA,-51.5,29.189,34.78,NA,NA,2425.262597,0.22,5.11,0.19,0.23,-52.2970201,7.950374201
1/16/24,-84.17345769,1.092070218,Cabral,Med2,Medium,9:40:00,1,5,1/18/24,NA,-51.6,29.217,34.55,NA,NA,2423.574366,0.29,5.68,0.36,2.41,-52.26644213,7.951265412
1/16/24,-84.17345769,1.092070218,Cabral,Med3,Medium,9:40:00,1,5,1/18/24,NA,-51.3,29.188,34.6,NA,NA,2429.731091,0.27,5.29,0.32,0.88,-52.29811217,7.946715759
1/16/24,-84.17345769,1.092070218,Cabral,High1,High,9:40:00,1,5,1/18/24,NA,-50.2,29.125,33.66,NA,NA,2562.955815,0.36,11.85,0.4,0.85,-52.36691259,7.927424978
1/16/24,-84.17345769,1.092070218,Cabral,High2,High,9:40:00,1,5,1/18/24,NA,-51.1,29.137,33.71,NA,NA,2509.315091,0.37,12.04,0.34,0.71,-52.35380775,7.94237361
1/16/24,-84.17345769,1.092070218,Cabral,High3,High,9:40:00,1,5,1/18/24,NA,-50.1,29.2,33.75,NA,NA,2526.353862,0.36,11.97,0.33,0.57,-52.28500732,7.925003934
1/16/24,-84.17345769,1.092070218,Cabral,Ambient1,Ambient,9:40:00,1,5,1/18/24,NA,-54.2,29.111,35.1,NA,NA,2382.725319,0.16,1.44,0.27,0.28,-52.38220157,7.996961584
1/16/24,-84.17345769,1.092070218,Cabral,Ambient2,Ambient,9:40:00,1,5,1/18/24,NA,-52.6,29.079,35.21,NA,NA,2375.150673,0.2,1.42,0.22,0.28,-52.41714782,7.970891371
1/16/24,-84.17345769,1.092070218,Cabral,Ambient3,Ambient,9:40:00,1,5,1/18/24,NA,-51.9,29.248,35.1,NA,NA,2382.756765,0.19,1.51,0.27,0.26,-52.23258795,7.956915431
1/16/24,-84.17345769,1.092070218,Cabral,Low1,Low,16:05:00,2,5,1/18/24,NA,-54,30.297,35.22,NA,NA,NA,NA,NA,NA,NA,-51.08700629,7.97903244
1/16/24,-84.17345769,1.092070218,Cabral,Low2,Low,16:05:00,2,5,1/18/24,NA,-52.4,30.301,35.22,NA,NA,NA,NA,NA,NA,NA,-51.08263801,7.952409377
1/16/24,-84.17345769,1.092070218,Cabral,Low3,Low,16:05:00,2,5,1/18/24,NA,-52.4,30.467,35.29,NA,NA,NA,NA,NA,NA,NA,-50.90135436,7.950480372
1/16/24,-84.17345769,1.092070218,Cabral,Med1,Medium,16:05:00,2,5,1/18/24,NA,-52.8,30.094,34.82,NA,NA,NA,NA,NA,NA,NA,-51.30869655,7.960884573
1/16/24,-84.17345769,1.092070218,Cabral,Med2,Medium,16:05:00,2,5,1/18/24,NA,-52.6,30.364,34.84,NA,NA,NA,NA,NA,NA,NA,-51.01383759,7.95425093
1/16/24,-84.17345769,1.092070218,Cabral,Med3,Medium,16:05:00,2,5,1/18/24,NA,-50.3,30.452,34.88,NA,NA,NA,NA,NA,NA,NA,-50.91773541,7.91505349
1/16/24,-84.17345769,1.092070218,Cabral,High1,High,16:05:00,2,5,1/18/24,NA,-49.1,30.485,34.02,NA,NA,NA,NA,NA,NA,NA,-50.88169709,7.893189598
1/16/24,-84.17345769,1.092070218,Cabral,High2,High,16:05:00,2,5,1/18/24,NA,-51.8,30.369,33.98,NA,NA,NA,NA,NA,NA,NA,-51.00837724,7.93936145
1/16/24,-84.17345769,1.092070218,Cabral,High3,High,16:05:00,2,5,1/18/24,NA,-54.1,30.196,34.06,NA,NA,NA,NA,NA,NA,NA,-51.19730539,7.979844883
1/16/24,-84.17345769,1.092070218,Cabral,Ambient1,Ambient,16:05:00,2,5,1/18/24,NA,-51.9,30.056,35.41,NA,NA,NA,NA,NA,NA,NA,-51.35019522,7.947492817
1/16/24,-84.17345769,1.092070218,Cabral,Ambient2,Ambient,16:05:00,2,5,1/18/24,NA,-53.1,30.409,35.38,NA,NA,NA,NA,NA,NA,NA,-50.96469443,7.962988305
1/16/24,-84.17345769,1.092070218,Cabral,Ambient3,Ambient,16:05:00,2,5,1/18/24,NA,-50.4,30.347,35.41,NA,NA,NA,NA,NA,NA,NA,-51.03240278,7.918980496
1/19/24,-86.81391083,1.208840725,Cabral,Low1,Low,7:42:00,3,5,1/19/24,NA,-53.8,28.382,35.67,155,NA,NA,NA,NA,NA,NA,-52.50459337,8.011779916
1/19/24,-86.81391083,1.208840725,Cabral,Low2,Low,7:42:00,3,5,1/19/24,NA,-53.7,28.354,35.6,170,NA,NA,NA,NA,NA,NA,-52.53844091,8.010267534
1/19/24,-86.81391083,1.208840725,Cabral,Low3,Low,7:42:00,3,5,1/19/24,NA,-51.9,28.644,35.74,200,NA,NA,NA,NA,NA,NA,-52.1878771,7.977406621
1/19/24,-86.81391083,1.208840725,Cabral,Med1,Medium,7:42:00,3,5,1/19/24,NA,-53.7,28.475,35.26,182,NA,NA,NA,NA,NA,NA,-52.39217119,8.008319041
1/19/24,-86.81391083,1.208840725,Cabral,Med2,Medium,7:42:00,3,5,1/19/24,NA,-51.6,28.573,35.24,165,NA,NA,NA,NA,NA,NA,-52.27370479,7.972165176
1/19/24,-86.81391083,1.208840725,Cabral,Med3,Medium,7:42:00,3,5,1/19/24,NA,-52.5,28.49,35.42,190,NA,NA,NA,NA,NA,NA,-52.37403858,7.988422365
1/19/24,-86.81391083,1.208840725,Cabral,High1,High,7:42:00,3,5,1/19/24,NA,-51.8,28.496,34.46,182,NA,NA,NA,NA,NA,NA,-52.36678553,7.974819091
1/19/24,-86.81391083,1.208840725,Cabral,High2,High,7:42:00,3,5,1/19/24,NA,-53.9,38.335,34.38,131,NA,NA,NA,NA,NA,NA,-40.47300164,7.905871166
1/19/24,-86.81391083,1.208840725,Cabral,High3,High,7:42:00,3,5,1/19/24,NA,-53.6,28.292,34.44,199,NA,NA,NA,NA,NA,NA,-52.61338904,8.007007045
1/19/24,-86.81391083,1.208840725,Cabral,Ambient1,Ambient,7:42:00,3,5,1/19/24,NA,-51.7,28.124,35.58,215,NA,NA,NA,NA,NA,NA,-52.81647428,7.979212163
1/19/24,-86.81391083,1.208840725,Cabral,Ambient2,Ambient,7:42:00,3,5,1/19/24,NA,-52.7,28.511,35.77,186,NA,NA,NA,NA,NA,NA,-52.34865292,7.992229886
1/19/24,-86.81391083,1.208840725,Cabral,Ambient3,Ambient,7:42:00,3,5,1/19/24,NA,-51.5,28.536,35.83,176,NA,NA,NA,NA,NA,NA,-52.3184319,7.972037981
1/19/24,-86.81391083,1.208840725,Cabral,Fresh_GW,Fresh,7:42:00,1,6,1/19/24,NA,-12.2,24.986,0.341,NA,NA,NA,2.03,275.96,0.34,18.69,-56.60981648,7.308510954
1/19/24,-86.81391083,1.208840725,Cabral,Low1,Low,12:00:00,1,6,1/19/24,NA,-53.9,30.593,34.96,NA,NA,2394.916134,0.16,2.15,0.2,0.33,-49.83184653,7.988663898
1/19/24,-86.81391083,1.208840725,Cabral,Low2,Low,12:00:00,1,6,1/19/24,NA,-53.3,30.73,35.14,NA,NA,2399.761484,0.22,2.68,0.29,1.23,-49.66623535,7.977591477
1/19/24,-86.81391083,1.208840725,Cabral,Low3,Low,12:00:00,1,6,1/19/24,NA,-52.3,30.654,34.8,NA,NA,2393.322148,0.21,3.13,0.29,0.53,-49.75810725,7.961186274
1/19/24,-86.81391083,1.208840725,Cabral,Med1,Medium,12:00:00,1,6,1/19/24,NA,-51.9,30.76,34.78,NA,NA,2425.279994,0.2,3.86,0.23,4.19,-49.62997013,7.953405744
1/19/24,-86.81391083,1.208840725,Cabral,Med2,Medium,12:00:00,1,6,1/19/24,NA,-52.2,30.61,34.77,NA,NA,2429.080396,0.28,5.31,0.33,1.67,-49.81129624,7.959934166
1/19/24,-86.81391083,1.208840725,Cabral,Med3,Medium,12:00:00,1,6,1/19/24,NA,-52,30.968,34.78,NA,NA,2435.072101,0.21,4.35,0.24,0.44,-49.37853126,7.952887157
1/19/24,-86.81391083,1.208840725,Cabral,High1,High,12:00:00,1,6,1/19/24,NA,-50.6,30.912,33.93,NA,NA,2513.136787,0.37,11.17,0.27,0.64,-49.44622634,7.928768547
1/19/24,-86.81391083,1.208840725,Cabral,High2,High,12:00:00,1,6,1/19/24,NA,-50.3,30.777,33.89,NA,NA,2507.630024,0.35,11.41,0.32,1.13,-49.60941984,7.925121125
1/19/24,-86.81391083,1.208840725,Cabral,High3,High,12:00:00,1,6,1/19/24,NA,-50.5,30.476,33.18,NA,NA,2513.716178,0.31,9.12,0.24,1.56,-49.9732809,7.930321007
1/19/24,-86.81391083,1.208840725,Cabral,Ambient1,Ambient,12:00:00,1,6,1/19/24,NA,-53.7,30.645,35.36,NA,NA,2389.587896,0.18,1.37,0.27,0.34,-49.76898681,7.985528847
1/19/24,-86.81391083,1.208840725,Cabral,Ambient2,Ambient,12:00:00,1,6,1/19/24,NA,-52.3,30.928,34.8,NA,NA,2383.067231,0.19,1.33,0.25,0.62,-49.42688489,7.958313837
1/19/24,-86.81391083,1.208840725,Cabral,Ambient3,Ambient,12:00:00,1,6,1/19/24,NA,-52.9,30.624,35.27,NA,NA,2374.258371,0.2,1.27,0.26,0.28,-49.79437247,7.972312814
1/19/24,-86.81391083,1.208840725,Cabral,Low1,Low,17:00:00,2,6,1/19/24,NA,-53,30.438,35.67,NA,NA,NA,NA,NA,NA,NA,-50.01921684,7.976678622
1/19/24,-86.81391083,1.208840725,Cabral,Low2,Low,17:00:00,2,6,1/19/24,NA,-54.1,30.505,35.43,NA,NA,NA,NA,NA,NA,NA,-49.93822451,7.993779798
1/19/24,-86.81391083,1.208840725,Cabral,Low3,Low,17:00:00,2,6,1/19/24,NA,-52.5,30.875,35.75,NA,NA,NA,NA,NA,NA,NA,-49.49095345,7.963922233
1/19/24,-86.81391083,1.208840725,Cabral,Med1,Medium,17:00:00,2,6,1/19/24,NA,-53,30.415,35.1,NA,NA,NA,NA,NA,NA,NA,-50.04702018,7.975862132
1/19/24,-86.81391083,1.208840725,Cabral,Med2,Medium,17:00:00,2,6,1/19/24,NA,-52,30.795,35.16,NA,NA,NA,NA,NA,NA,NA,-49.5876607,7.955386349
1/19/24,-86.81391083,1.208840725,Cabral,Med3,Medium,17:00:00,2,6,1/19/24,NA,-52.6,30.979,35.1,NA,NA,NA,NA,NA,NA,NA,-49.36523401,7.963291064
1/19/24,-86.81391083,1.208840725,Cabral,High1,High,17:00:00,2,6,1/19/24,NA,-51.2,30.927,34.27,NA,NA,NA,NA,NA,NA,NA,-49.42809373,7.939151582
1/19/24,-86.81391083,1.208840725,Cabral,High2,High,17:00:00,2,6,1/19/24,NA,-51.4,30.417,34.62,NA,NA,NA,NA,NA,NA,NA,-50.0446025,7.948402944
1/19/24,-86.81391083,1.208840725,Cabral,High3,High,17:00:00,2,6,1/19/24,NA,-53.1,30.384,34.23,NA,NA,NA,NA,NA,NA,NA,-50.08449424,7.976272953
1/19/24,-86.81391083,1.208840725,Cabral,Ambient1,Ambient,17:00:00,2,6,1/19/24,NA,-52.9,30.269,35.79,NA,NA,NA,NA,NA,NA,NA,-50.22351093,7.977029819
1/19/24,-86.81391083,1.208840725,Cabral,Ambient2,Ambient,17:00:00,2,6,1/19/24,NA,-53.7,30.764,35.9,NA,NA,NA,NA,NA,NA,NA,-49.62513477,7.985272448
1/19/24,-86.81391083,1.208840725,Cabral,Ambient3,Ambient,17:00:00,2,6,1/19/24,NA,-52.7,30.82,35.67,NA,NA,NA,NA,NA,NA,NA,-49.55743969,7.967669052
1/19/24,-86.81391083,1.208840725,Cabral,Low1,Low,9:50:00,3,6,1/20/24,NA,-54.4,28.822,35.91,110,NA,NA,NA,NA,NA,NA,-51.97270345,8.017592735
1/19/24,-86.81391083,1.208840725,Cabral,Low2,Low,9:50:00,3,6,1/20/24,NA,-52.9,28.79,35.91,97,NA,NA,NA,NA,NA,NA,-52.01138636,7.992896925
1/19/24,-86.81391083,1.208840725,Cabral,Low3,Low,9:50:00,3,6,1/20/24,NA,-52.4,28.938,35.94,106,NA,NA,NA,NA,NA,NA,-51.83247793,7.983048842
1/19/24,-86.81391083,1.208840725,Cabral,Med1,Medium,9:50:00,3,6,1/20/24,NA,-52.6,28.844,35.5,99,NA,NA,NA,NA,NA,NA,-51.94610896,7.98651747
1/19/24,-86.81391083,1.208840725,Cabral,Med2,Medium,9:50:00,3,6,1/20/24,NA,-52.6,29.03,35.47,105,NA,NA,NA,NA,NA,NA,-51.72126458,7.98449885
1/19/24,-86.81391083,1.208840725,Cabral,Med3,Medium,9:50:00,3,6,1/20/24,NA,-53.2,28.889,35.58,127,NA,NA,NA,NA,NA,NA,-51.89171113,7.996209996
1/19/24,-86.81391083,1.208840725,Cabral,High1,High,9:50:00,3,6,1/20/24,NA,-53,28.961,34.62,108,NA,NA,NA,NA,NA,NA,-51.80467459,7.990278481
1/19/24,-86.81391083,1.208840725,Cabral,High2,High,9:50:00,3,6,1/20/24,NA,-52.5,28.76,34.71,103,NA,NA,NA,NA,NA,NA,-52.04765158,7.984217002
1/19/24,-86.81391083,1.208840725,Cabral,High3,High,9:50:00,3,6,1/20/24,NA,-56,28.742,34.62,106,NA,NA,NA,NA,NA,NA,-52.06941071,8.042664589
1/19/24,-86.81391083,1.208840725,Cabral,Ambient1,Ambient,9:50:00,3,6,1/20/24,NA,-52.4,28.598,35.9,116,NA,NA,NA,NA,NA,NA,-52.24348378,7.986557262
1/19/24,-86.81391083,1.208840725,Cabral,Ambient2,Ambient,9:50:00,3,6,1/20/24,NA,-53,28.99,36.22,114,NA,NA,NA,NA,NA,NA,-51.76961821,7.993060903
1/19/24,-86.81391083,1.208840725,Cabral,Ambient3,Ambient,9:50:00,3,6,1/20/24,NA,-52.6,28.991,36.1,87,NA,NA,NA,NA,NA,NA,-51.76840937,7.986140788
2/15/24,-87.29830787,1.130866293,Varari,Ambient1,Ambient,11:20:00,1,NA,2/15/24,NA,-52.4,29.955,35.72,NA,NA,2370.591071,0.3,6.85,1.39,1.11,-53.42320807,7.925010028
2/15/24,-87.29830787,1.130866293,Varari,Ambient2,Ambient,11:20:00,1,NA,2/15/24,NA,-53.6,29.985,35.92,NA,NA,2375.564851,0.34,5.5,0.99,0.22,-53.38928208,7.94499206
2/15/24,-87.29830787,1.130866293,Varari,Low1,Low,11:20:00,1,NA,2/15/24,NA,-54.2,30.034,35.66,NA,NA,2380.847359,0.33,7.45,1.32,0.38,-53.33386963,7.953894738
2/15/24,-87.29830787,1.130866293,Varari,Low2,Low,11:20:00,1,NA,2/15/24,NA,-52.5,29.976,35.7,NA,NA,2385.935915,0.52,7.67,1.53,0.56,-53.39945987,7.926389363
2/15/24,-87.29830787,1.130866293,Varari,Med1,Medium,11:20:00,1,NA,2/15/24,NA,-51.3,29.907,35.33,NA,NA,2419.764158,0.38,12.98,1.97,0.56,-53.47748965,7.906539642
2/15/24,-87.29830787,1.130866293,Varari,Med2,Medium,11:20:00,1,NA,2/15/24,NA,-54,29.991,35.35,NA,NA,2467.695813,2.08,14.64,5.79,27.09,-53.38249688,7.950490862
2/15/24,-87.29830787,1.130866293,Varari,High1,High,11:20:00,1,NA,2/15/24,NA,-50.8,29.869,34.5,NA,NA,2488.374697,0.44,27.03,3.81,0.49,-53.52046257,7.897125892
2/15/24,-87.29830787,1.130866293,Varari,High2,High,11:20:00,1,NA,2/15/24,NA,-52.2,30.228,34.47,NA,NA,2520.91522,0.34,26.55,3.11,0.03,-53.11448157,7.916189589
2/15/24,-87.29830787,1.130866293,Varari,Fresh_GW,Fresh,11:20:00,1,NA,2/15/24,NA,-41.1,33.261,1.219,NA,NA,5354.956582,2.04,616.45,50.14,12.61,-49.6845641,7.682065923
2/15/24,-87.29830787,1.130866293,Varari,Ambient1,Ambient,17:00:00,2,NA,2/15/24,NA,-56,30.444,36.32,NA,NA,NA,NA,NA,NA,NA,-52.87021445,7.980202332
2/15/24,-87.29830787,1.130866293,Varari,Ambient2,Ambient,17:00:00,2,NA,2/15/24,NA,-52.2,29.965,36.15,NA,NA,NA,NA,NA,NA,NA,-53.4118994,7.922392422
2/15/24,-87.29830787,1.130866293,Varari,Low1,Low,17:00:00,2,NA,2/15/24,NA,-53.5,30.404,36.13,NA,NA,NA,NA,NA,NA,NA,-52.9154491,7.938807857
2/15/24,-87.29830787,1.130866293,Varari,Low2,Low,17:00:00,2,NA,2/15/24,NA,-53.2,30.038,36,NA,NA,NA,NA,NA,NA,NA,-53.32934616,7.937873387
2/15/24,-87.29830787,1.130866293,Varari,Med1,Medium,17:00:00,2,NA,2/15/24,NA,-53.5,30.264,35.76,NA,NA,NA,NA,NA,NA,NA,-53.07377038,7.939748972
2/15/24,-87.29830787,1.130866293,Varari,Med2,Medium,17:00:00,2,NA,2/15/24,NA,-53.3,29.994,35.72,NA,NA,NA,NA,NA,NA,NA,-53.37910428,7.939517118
2/15/24,-87.29830787,1.130866293,Varari,High1,High,17:00:00,2,NA,2/15/24,NA,-51.8,30.209,34.74,NA,NA,NA,NA,NA,NA,NA,-53.13596803,7.910255153
2/15/24,-87.29830787,1.130866293,Varari,High2,High,17:00:00,2,NA,2/15/24,NA,-53.1,30.201,34.75,NA,NA,NA,NA,NA,NA,NA,-53.14501496,7.931963939
2/15/24,-87.29830787,1.130866293,Varari,Ambient1,Ambient,9:30:00,3,NA,2/16/24,NA,-51,29.215,36.52,NA,NA,NA,NA,NA,NA,NA,-54.26004912,7.911892041
2/15/24,-87.29830787,1.130866293,Varari,Ambient2,Ambient,9:30:00,3,NA,2/16/24,NA,-55.1,29.342,36.5,NA,NA,NA,NA,NA,NA,NA,-54.1164291,7.97868272
2/15/24,-87.29830787,1.130866293,Varari,Low1,Low,9:30:00,3,NA,2/16/24,NA,-54.9,29.258,36.26,NA,NA,NA,NA,NA,NA,NA,-54.21142187,7.975871432
2/15/24,-87.29830787,1.130866293,Varari,Low2,Low,9:30:00,3,NA,2/16/24,NA,-55.1,29.333,36.35,NA,NA,NA,NA,NA,NA,NA,-54.1266069,7.978492536
2/15/24,-87.29830787,1.130866293,Varari,Med1,Medium,9:30:00,3,NA,2/16/24,NA,-56.5,29.336,35.94,NA,NA,NA,NA,NA,NA,NA,-54.1232143,8.000978433
2/15/24,-87.29830787,1.130866293,Varari,Med2,Medium,9:30:00,3,NA,2/16/24,NA,-53.4,29.407,36.09,NA,NA,NA,NA,NA,NA,NA,-54.04292279,7.948786935
2/15/24,-87.29830787,1.130866293,Varari,High1,High,9:30:00,3,NA,2/16/24,NA,-55.2,29.231,35,NA,NA,NA,NA,NA,NA,NA,-54.24195526,7.97875697
2/15/24,-87.29830787,1.130866293,Varari,High2,High,9:30:00,3,NA,2/16/24,NA,-56.2,29.537,35.14,NA,NA,NA,NA,NA,NA,NA,-53.89591018,7.992058296
2/15/24,-87.29830787,1.130866293,Varari,Ambient1,Ambient,9:30:00,1,NA,2/16/24,NA,-53.9,29.132,35.87,NA,NA,2359.482441,4.28,4.14,3.28,76.12,-54.35391102,7.959925502
2/15/24,-87.29830787,1.130866293,Varari,Ambient2,Ambient,9:30:00,1,NA,2/16/24,NA,-52.4,30.316,35.77,NA,NA,2365.080101,1.86,3.77,2.17,23.61,-53.01496533,7.920889468
2/15/24,-87.29830787,1.130866293,Varari,Low1,Low,9:30:00,1,NA,2/16/24,NA,-55.7,29.282,35.68,NA,NA,2383.705884,5.61,5.07,3.7,80.83,-54.18428108,7.987786046
2/15/24,-87.29830787,1.130866293,Varari,Low2,Low,9:30:00,1,NA,2/16/24,NA,-53.4,30.136,35.57,NA,NA,2380.030562,2.45,6.89,2.6,48.98,-53.21852127,7.93923031
2/15/24,-87.29830787,1.130866293,Varari,Med1,Medium,9:30:00,1,NA,2/16/24,NA,-53.1,29.259,35.29,NA,NA,2411.051568,4.67,9.83,4.59,87.34,-54.210291,7.943979612
2/15/24,-87.29830787,1.130866293,Varari,Med2,Medium,9:30:00,1,NA,2/16/24,NA,-53.2,30.126,35.11,NA,NA,2399.914723,1.14,11.13,1.62,13.12,-53.22982993,7.935163909
2/15/24,-87.29830787,1.130866293,Varari,High1,High,9:30:00,1,NA,2/16/24,NA,-55.2,29.049,34.08,NA,NA,2490.653024,1.4,21.49,2.95,15.73,-54.44777293,7.979186813
2/15/24,-87.29830787,1.130866293,Varari,High2,High,9:30:00,1,NA,2/16/24,NA,-51.9,30.403,34.38,NA,NA,2482.3544,2.09,21.46,5.44,51.94,-52.91657997,7.909016947
2/15/24,-87.29830787,1.130866293,Varari,Fresh_GW,Fresh,9:30:00,1,NA,2/16/24,NA,-33.5,27.338,1.068,NA,NA,5355.222085,8.88,266.05,51.26,86.84,-56.38268515,7.607265393
2/15/24,-87.29830787,1.130866293,Varari,Ambient1,Ambient,17:00:00,2,NA,2/16/24,NA,-54.6,29.689,36.52,NA,NA,NA,NA,NA,NA,NA,-53.7240185,7.966282924
2/15/24,-87.29830787,1.130866293,Varari,Ambient2,Ambient,17:00:00,2,NA,2/16/24,NA,-53.2,29.917,36.33,NA,NA,NA,NA,NA,NA,NA,-53.46618098,7.939931882
2/15/24,-87.29830787,1.130866293,Varari,Low1,Low,17:00:00,2,NA,2/16/24,NA,-52.4,29.975,36.33,NA,NA,NA,NA,NA,NA,NA,-53.40059074,7.925949491
2/15/24,-87.29830787,1.130866293,Varari,Low2,Low,17:00:00,2,NA,2/16/24,NA,-54.1,29.795,36.05,NA,NA,NA,NA,NA,NA,NA,-53.60414667,7.955794014
2/15/24,-87.29830787,1.130866293,Varari,Med1,Medium,17:00:00,2,NA,2/16/24,NA,-53.7,30.079,35.77,NA,NA,NA,NA,NA,NA,NA,-53.28298064,7.945263496
2/15/24,-87.29830787,1.130866293,Varari,Med2,Medium,17:00:00,2,NA,2/16/24,NA,-53.6,29.952,35.8,NA,NA,NA,NA,NA,NA,NA,-53.42660066,7.945150346
2/15/24,-87.29830787,1.130866293,Varari,High1,High,17:00:00,2,NA,2/16/24,NA,-54.63,29.824,34.87,NA,NA,NA,NA,NA,NA,NA,-53.57135155,7.962035345
2/15/24,-87.29830787,1.130866293,Varari,High2,High,17:00:00,2,NA,2/16/24,NA,-51,29.969,34.98,NA,NA,NA,NA,NA,NA,NA,-53.40737594,7.900179877
2/15/24,-87.29830787,1.130866293,Varari,Ambient1,Ambient,8:30:00,3,NA,2/17/24,NA,-53.7,28.844,37.05,NA,NA,NA,NA,NA,NA,NA,-54.67960052,7.962346627
2/15/24,-87.29830787,1.130866293,Varari,Ambient2,Ambient,8:30:00,3,NA,2/17/24,NA,-52.4,28.569,36.82,NA,NA,NA,NA,NA,NA,NA,-54.99058875,7.94341315
2/15/24,-87.29830787,1.130866293,Varari,Low1,Low,8:30:00,3,NA,2/17/24,NA,-52.2,28.635,36.69,NA,NA,NA,NA,NA,NA,NA,-54.91595157,7.939033438
2/15/24,-87.29830787,1.130866293,Varari,Low2,Low,8:30:00,3,NA,2/17/24,NA,-54.3,28.949,36.48,NA,NA,NA,NA,NA,NA,NA,-54.56085956,7.969962777
2/15/24,-87.29830787,1.130866293,Varari,Med1,Medium,8:30:00,3,NA,2/17/24,NA,-54.8,28.678,36.24,NA,NA,NA,NA,NA,NA,NA,-54.86732432,7.981036565
2/15/24,-87.29830787,1.130866293,Varari,Med2,Medium,8:30:00,3,NA,2/17/24,NA,-56.4,29.012,36.17,NA,NA,NA,NA,NA,NA,NA,-54.48961498,8.003627004
2/15/24,-87.29830787,1.130866293,Varari,High1,High,8:30:00,3,NA,2/17/24,NA,-57.7,28.89,35.39,NA,NA,NA,NA,NA,NA,NA,-54.62758067,8.025246773
2/15/24,-87.29830787,1.130866293,Varari,High2,High,8:30:00,3,NA,2/17/24,NA,-54.2,28.62,35.25,NA,NA,NA,NA,NA,NA,NA,-54.93291457,7.969754475